municipio;acidentes;mortos
BRASILIA;327;18
DUQUE DE CAXIAS;266;12
SAO JOSE;256;3
RECIFE;245;16
BETIM;232;6
GUARULHOS;210;9
JOAO PESSOA;193;2
CURITIBA;191;6
PALHOCA;188;10
SAO JOSE DOS PINHAIS;160;6
TERESINA;157;7
ARAQUARI;155;2
NOVA IGUACU;154;7
FEIRA DE SANTANA;151;3
ANGRA DOS REIS;146;6
PORTO VELHO;145;2
RIO DE JANEIRO;141;3
CASCAVEL;128;5
ITAJAI;124;8
CAMPOS DOS GOYTACAZES;120;9
UBERABA;118;7
JOINVILLE;114;4
LINHARES;112;6
SAO GONCALO;111;5
ITAPEMA;109;3
ANAPOLIS;109;3
SAO JOSE DOS CAMPOS;108;4
CARIACICA;100;4
CONTAGEM;99;7
BIGUACU;98;2
JABOATAO DOS GUARARAPES;98;4
BALNEARIO CAMBORIU;97;1
SEROPEDICA;97;8
SAO LUIS;95;1
VITORIA DA CONQUISTA;93;8
UBATUBA;92;0
SERRA;92;2
SAO PAULO;90;1
PONTA GROSSA;90;6
UBERLANDIA;89;4
FOZ DO IGUACU;88;3
PETROPOLIS;86;4
CAMPO GRANDE;86;7
MARINGA;86;1
MOSSORO;83;8
CANOAS;82;2
RIO VERDE;82;5
GOVERNADOR VALADARES;82;4
CAMPINA GRANDE DO SUL;82;15
MAGE;80;2
NITEROI;79;4
SINOP;76;7
PETROLINA;76;7
SALVADOR;74;3
VILHENA;74;2
CARUARU;72;7
PARANAGUA;72;3
JI-PARANA;71;3
NATAL;70;4
MORRETES;69;4
GOIANIA;68;4
APUCARANA;68;4
RONDONOPOLIS;65;6
PORTO ALEGRE;65;4
RIBEIRAO DAS NEVES;64;3
ITABORAI;64;4
BLUMENAU;64;1
VARZEA GRANDE;64;6
JARU;63;3
MANGARATIBA;63;1
SORRISO;60;2
EMBU DAS ARTES;60;3
FLORIANOPOLIS;58;1
SAO GONCALO DO AMARANTE;57;1
SANTA MARIA;57;3
CAXIAS DO SUL;56;0
PARNAMIRIM;55;3
MIRACATU;55;1
TEOFILO OTONI;54;1
VIANA;54;1
SANTA RITA;54;7
TAUBATE;53;1
RIO BRANCO;53;1
SAO JOSE DO RIO PRETO;53;1
MANHUACU;53;5
SAO JOAO DE MERITI;52;3
SAO LEOPOLDO;50;0
IGARASSU;50;4
MURIAE;50;5
BARRA MANSA;50;4
INDAIAL;50;5
PELOTAS;49;15
LONDRINA;49;1
CAJATI;49;1
NOVA LIMA;48;3
PORTO SEGURO;48;6
TIBAGI;47;1
MAIRIPORA;47;0
CABEDELO;47;0
ABREU E LIMA;47;0
NOVA SERRANA;46;4
SAO MIGUEL DO OESTE;46;1
MARABA;46;3
ARAGUARI;46;3
VALPARAISO DE GOIAS;46;1
GUAPIMIRIM;45;5
ITAGUAI;45;6
BARRA DO TURVO;45;1
PARATY;45;4
DOURADOS;45;3
ATIBAIA;44;2
CUIABA;43;2
MAFRA;43;2
PALMEIRA;42;8
CAMPO LARGO;42;4
IMPERATRIZ;42;3
LUZIANIA;42;3
EUNAPOLIS;41;3
COLOMBO;41;2
PORTO BELO;41;0
RIO DO SUL;41;0
CACOAL;41;3
TUBARAO;41;1
ARIQUEMES;40;1
LAGES;40;1
BARRA DO GARCAS;40;3
CRISTALINA;40;3
NOSSA SENHORA DO SOCORRO;39;2
JUIZ DE FORA;39;0
APARECIDA DE GOIANIA;39;1
BARRA VELHA;39;2
JACAREI;38;3
SAO MATEUS;38;0
PICOS;38;1
GUARAMIRIM;38;6
CAMPINA GRANDE;38;2
VACARIA;38;0
BALNEARIO PICARRAS;37;2
RIO GRANDE;37;1
SETE LAGOAS;37;2
AMELIA RODRIGUES;37;4
JUATUBA;37;2
ARAGUAINA;37;2
GUARATUBA;37;1
SANTO ANTONIO DO LEVERGER;36;5
SIMOES FILHO;36;2
PIMENTA BUENO;36;1
NOVO PROGRESSO;36;4
AGUAS MORNAS;36;4
BARREIRAS;36;2
SERRA TALHADA;36;2
GUARAPUAVA;36;3
FLORIANO;35;2
PIRAI;35;2
ACAILANDIA;35;6
PARACATU;35;5
LEOPOLDINA;35;4
ORTIGUEIRA;35;2
EXTREMA;34;1
PONTES E LACERDA;34;2
CHAPECO;34;1
AGUAS LINDAS DE GOIAS;34;3
ARUJA;34;2
PARNAIBA;34;0
CARATINGA;34;0
BAYEUX;34;1
SANTO ANTONIO DA PLATINA;33;2
IGARAPE;32;0
ELDORADO DO SUL;32;0
JEQUIE;32;6
LAPA;32;2
OLIVEIRA;32;2
BARRA DO PIRAI;32;1
CONSELHEIRO LAFAIETE;32;1
REGISTRO;32;1
POUSO REDONDO;32;2
GENERAL CARNEIRO;32;1
SAO GONCALO DO RIO ABAIXO;31;7
MACAIBA;31;2
SANTO AMARO DA IMPERATRIZ;31;1
SABARA;31;2
SAO FRANCISCO DO SUL;31;2
PRUDENTOPOLIS;31;4
TERESOPOLIS;31;1
ITABUNA;30;6
GASPAR;30;3
APARECIDA;30;3
TRES RIOS;30;2
SAO MIGUEL DO IGUACU;30;2
TIANGUA;30;4
ARARANGUA;30;0
PINDAMONHANGABA;30;0
JATAI;29;2
ITAGUARA;29;0
ITAPECERICA DA SERRA;29;0
MANDIRITUBA;29;6
ARAPONGAS;29;3
ALTAMIRA;28;1
CAMBORIU;28;1
SANTO ANTONIO DO AMPARO;28;1
GARANHUNS;28;3
CASTANHAL;28;1
NOVA MUTUM;28;4
FRANCISCO SA;28;7
GARUVA;28;0
FAZENDA RIO GRANDE;28;1
SARANDI;28;1
RESENDE;28;0
PATOS DE MINAS;27;13
JOAO PINHEIRO;27;6
SANTANA DO PARAISO;27;0
MEDIANEIRA;27;1
SANTO ANTONIO DA PATRULHA;27;0
JUQUITIBA;27;2
RIO LARGO;27;2
SAO SEBASTIAO DO PASSE;27;2
ARAUCARIA;27;0
IMBITUBA;27;1
BRUMADINHO;27;0
POUSO ALEGRE;27;0
ALEXANIA;26;3
BELO HORIZONTE;26;0
IBIRACU;26;2
CACAPAVA;26;1
GRAVATAI;26;0
CONGONHAS;26;6
VOLTA REDONDA;26;0
CAUCAIA;25;3
LAVRAS;25;5
CONCEICAO DA BARRA;25;6
SIDROLANDIA;25;2
ITABAIANA;25;3
RIO BONITO;25;3
RIO NEGRINHO;25;0
QUEIMADAS;25;1
ICARA;25;0
PALMAS;25;2
XANXERE;25;3
TIMON;24;4
TIJUCAS DO SUL;24;0
ERECHIM;24;0
CAMBE;24;2
CACERES;24;3
GUARANTA DO NORTE;24;3
ITAPEVA;24;2
OURO PRETO DO OESTE;24;2
LUCAS DO RIO VERDE;24;1
MACAPA;24;3
DOMINGOS MARTINS;24;3
JOAO MONLEVADE;24;1
JUAZEIRO;24;3
NOVO HAMBURGO;24;0
SOBRAL;24;6
JACIARA;24;2
QUEIMADOS;24;1
CANDOI;23;7
SANTA TEREZA DO OESTE;23;2
SANTA LUZIA;23;5
HORIZONTE;23;4
FREDERICO WESTPHALEN;23;4
CEU AZUL;23;1
SAPUCAIA DO SUL;23;1
BENTO GONCALVES;23;0
EUSEBIO;23;0
CAMPOS NOVOS;23;4
IBIPORA;23;0
ALTOS;23;3
ALFREDO WAGNER;23;1
RANCHO QUEIMADO;22;4
GUARAPARI;22;1
CANDEIAS DO JAMARI;22;5
GARIBALDI;22;1
SAPUCAIA;22;3
LORENA;22;1
PAULO LOPES;22;2
GRAO MOGOL;22;7
IBATIBA;22;0
PASSO FUNDO;22;2
CAMBUI;22;3
MATELANDIA;22;1
CASIMIRO DE ABREU;22;0
ARCOVERDE;21;0
TEIXEIRA DE FREITAS;21;5
BALSA NOVA;21;2
BARBACENA;21;1
JUSCIMEIRA;21;0
GRAVATA;21;0
GUAIBA;21;3
PARA DE MINAS;21;1
ALAGOINHAS;21;0
ITUMBIARA;21;1
NOVA VICOSA;21;0
FORMOSA;21;12
SANTOS DUMONT;20;0
FRUTAL;20;6
IRATI;20;3
PONTE SERRADA;20;2
PROFESSOR JAMIL;20;1
MAMANGUAPE;20;2
CAMPO VERDE;20;1
CAETE;20;2
URUGUAIANA;20;0
IMBAU;20;1
BANDEIRANTES;20;0
ANCHIETA;20;0
TRAIRAO;20;4
ESTIVA;20;3
CORUPA;19;1
NOVA SANTA RITA;19;0
LINDOESTE;19;0
PIRACANJUBA;19;0
BACABEIRA;19;3
PAULISTA;19;1
POMBOS;19;3
NAVEGANTES;19;0
COLATINA;19;4
MUNDO NOVO;19;0
ITAITUBA;19;2
JACAREZINHO;19;1
CANDEIAS;19;2
SANTO ANTONIO DE JESUS;19;2
SILVA JARDIM;19;2
CARAZINHO;19;2
CARMO DA CACHOEIRA;19;0
MORRINHOS;19;1
MONTE ALEGRE DE MINAS;19;3
CARANDAI;19;1
MANAUS;19;6
GUARATINGUETA;19;3
AREAL;19;1
SANTA IZABEL DO PARA;19;1
OEIRAS;18;0
PATROCINIO;18;5
PARANAIBA;18;2
BOM JESUS;18;2
COCALZINHO DE GOIAS;18;9
CONCORDIA;18;3
COMODORO;18;2
ABADIANIA;18;0
VARGEM;18;1
SOLEDADE;18;8
PRESIDENTE MEDICI;18;2
RIO NOVO DO SUL;18;2
RIALMA;18;1
GUARANIACU;18;1
CABO DE SANTO AGOSTINHO;17;3
SALGUEIRO;17;3
RIBAS DO RIO PARDO;17;0
CENTRALINA;17;2
QUATRO BARRAS;17;1
PRATA;17;0
PRIMAVERA DO LESTE;17;1
MORENO;17;2
CAETANOPOLIS;17;1
TIJUCAS;17;0
RIO NEGRO;17;4
RIO VERDE DE MATO GROSSO;17;0
CAPAO DO LEAO;17;0
TRES MARIAS;17;1
UBAPORANGA;17;2
TOLEDO;17;1
ESMERALDAS;17;1
MARIALVA;17;2
ACREUNA;17;0
PARAISO DO TOCANTINS;17;2
PACAJUS;17;0
SAO LOURENCO DA MATA;17;2
ITATIAIUCU;17;0
SAO GABRIEL DO OESTE;17;0
IMBITUVA;17;2
SANTA ISABEL;17;1
OSORIO;16;1
NOVA LARANJEIRAS;16;2
SAO LOURENCO DA SERRA;16;1
VENDA NOVA DO IMIGRANTE;16;1
BALSAS;16;4
LAGOA VERMELHA;16;3
TRES BARRAS;16;2
SAO JOAQUIM DE BICAS;16;2
BOM RETIRO;16;1
MAUA DA SERRA;16;1
MARECHAL FLORIANO;16;0
IBIRAMA;16;2
HIDROLANDIA;16;1
CAMPO MOURAO;16;1
PORTO NACIONAL;16;1
ITUIUTABA;16;0
SOORETAMA;16;2
CACHOEIRA DO SUL;16;0
ROSARIO OESTE;15;2
ARACATI;15;3
ARACRUZ;15;3
ITATIAIA;15;2
XAXIM;15;0
MARILIA;15;8
SANTANA DO LIVRAMENTO;15;1
ITAPERUNA;15;0
SAO JOSE DE MIPIBU;15;1
GOIANAPOLIS;15;4
PENHA;15;0
PATOS;15;1
ALHANDRA;15;0
PEDRA PRETA;15;1
BRAGANCA PAULISTA;15;0
SAO BENTO DO SUL;15;1
ITABERABA;15;2
MUCURI;15;2
CATALAO;15;0
ANTONIO DIAS;15;1
CARMOPOLIS DE MINAS;15;2
TANGUA;15;0
ARACAJU;15;0
APIUNA;15;3
GUAPO;14;1
SANTO ANTONIO DO DESCOBERTO;14;1
CAARAPO;14;2
ILHEUS;14;1
VITORIA DE SANTO ANTAO;14;2
PAPANDUVA;14;0
ABADIA DE GOIAS;14;0
BOM JESUS DE GOIAS;14;0
ITAPORANGA DAJUDA;14;0
CORONEL VIVIDA;14;1
JAGUARE;14;2
CONCEICAO DO JACUIPE;14;0
GOIANA;14;1
SAO CRISTOVAO;14;0
FUNDAO;14;1
LAJEADO;14;1
ITAMARAJU;14;2
PIRAQUARA;14;1
ITAPEMIRIM;14;0
POCOES;14;4
CANOINHAS;14;0
CANINDE;14;6
MILAGRES;14;1
ILHOTA;14;0
INDIARA;14;1
CEARA-MIRIM;14;0
CAMPO ALEGRE DE GOIAS;14;1
TRES CORACOES;14;0
SAO GONCALO DO ABAETE;14;2
MIRANDA;13;1
CANGUCU;13;3
SANTA CECILIA;13;0
VASSOURAS;13;2
JOACABA;13;0
SANTAREM;13;1
MARAVILHA;13;0
MANDAGUARI;13;0
CAPANEMA;13;2
MONTE CASTELO;13;1
AQUIRAZ;13;0
MONTENEGRO;13;5
MINEIROS;13;0
GUARAI;13;1
NOVA ALVORADA DO SUL;13;2
ITAQUIRAI;13;1
BEZERROS;13;2
CAXIAS;13;5
CATU;13;2
ITABIRITO;13;5
SATUBA;13;1
PONTA PORA;13;1
POUSO ALTO;13;0
SANTO ESTEVAO;13;2
NOBRES;13;1
JACUPIRANGA;13;0
ITAMBACURI;13;1
BELO JARDIM;13;6
FELIXLANDIA;13;2
PILAR;13;2
JAGUAQUARA;13;4
ITAPISSUMA;13;1
CORRENTINA;13;2
ESTRELA;13;1
CURVELO;13;3
PALMARES;13;3
SAO MARCOS;13;1
ESPLANADA;13;2
ALPERCATA;13;1
DOM ELISEU;13;2
ESTANCIA;13;1
URUACU;12;0
TERENOS;12;2
JUSSARA;12;0
PAUDALHO;12;2
DIAMANTINO;12;0
SOUSA;12;0
SOMBRIO;12;1
PESCARIA BRAVA;12;0
CORDILHEIRA ALTA;12;3
FAXINAL DOS GUEDES;12;0
CORREIA PINTO;12;2
CONDE;12;1
CONTENDA;12;5
PORANGATU;12;3
CUNHA PORA;12;2
IVINHEMA;12;2
LARANJEIRAS DO SUL;12;1
JANGADA;12;3
JOAO NEIVA;12;1
IGARATINGA;12;0
CAMAQUA;12;0
CACHOEIRO DE ITAPEMIRIM;12;1
CAMANDUCAIA;12;2
RUSSAS;12;1
ITAPUA DO OESTE;12;1
RIO PARDO;12;2
MONTES CLAROS;12;0
JARAGUA;12;1
BURITIZEIRO;12;0
PARAOPEBA;12;1
TRIUNFO;12;2
VILA PROPICIO;12;2
MUQUEM DE SAO FRANCISCO;11;3
BARRA DO CORDA;11;1
SAO SEBASTIAO;11;1
SAO CRISTOVAO DO SUL;11;0
ITABELA;11;1
SANTA TERESINHA;11;1
MACAE;11;3
PARIQUERA-ACU;11;0
UBIRATA;11;2
JARDIM;11;1
MIMOSO DO SUL;11;2
CAPITAO LEONIDAS MARQUES;11;2
CORBELIA;11;1
RIBEIRA DO POMBAL;11;0
MONSENHOR GIL;11;0
SANGAO;11;2
CAMPANHA;11;0
LAGUNA;11;0
SAUDADES;11;0
PESQUEIRA;11;5
CRUZEIRO DO SUL;11;1
FRONTEIRA;11;1
CORNELIO PROCOPIO;11;0
TERRA NOVA DO NORTE;11;2
TRES LAGOAS;11;1
PADRE BERNARDO;11;4
PARANAVAI;11;1
CAREACU;11;0
CANDIDO SALES;11;2
SAO MIGUEL DOS CAMPOS;11;3
SEABRA;11;1
CONQUISTA DOESTE;10;1
NOVA ERECHIM;10;0
GLORINHA;10;0
PORTO REAL DO COLEGIO;10;1
FLORESTAL;10;3
COXIM;10;0
CRISTINAPOLIS;10;1
SONORA;10;1
ARAPORA;10;1
ESTEIO;10;0
DIVINO;10;2
SEBERI;10;0
OURICURI;10;3
CEZARINA;10;2
PONTE ALTA;10;0
PORTO VITORIA;10;3
NOVA GRANADA;10;0
NOVA ITARANA;10;1
FORTALEZA;10;0
NOVA OLINDA;10;3
PINHALZINHO;10;0
IBAITI;10;1
MARTINS SOARES;10;0
CAMBARA;10;4
ROSEIRA;10;0
RIO BRILHANTE;10;0
CAPAO ALTO;10;2
EXTREMOZ;10;0
BARRA DO RIBEIRO;10;0
CAMPO MAIOR;10;5
RIO CASCA;10;3
GUAIRA;10;3
RAFAEL JAMBEIRO;10;4
SAO LUIZ GONZAGA;10;0
MATIAS BARBOSA;10;1
ESCADA;10;1
ALEM PARAIBA;10;0
BENEVIDES;10;0
BOA VISTA;10;2
ITAIOPOLIS;10;2
MANDAGUACU;10;1
TUCANO;10;4
JOSE BONIFACIO;10;0
AGRONOMICA;10;4
ICONHA;9;0
SANTA RITA DE MINAS;9;1
SAO DESIDERIO;9;2
JANDAIA DO SUL;9;1
SAO DOMINGOS DO PRATA;9;2
SAO FRANCISCO DO PARA;9;1
ITAOBIM;9;1
FLORES DE GOIAS;9;2
SENHOR DO BONFIM;9;1
NAVIRAI;9;0
NOVA MAMORE;9;1
FONTOURA XAVIER;9;0
FORQUILHA;9;2
PERIQUITO;9;0
PERDOES;9;0
GOIANINHA;9;0
CURITIBANOS;9;0
LAGOA SECA;9;0
MUITOS CAPOES;9;1
BADY BASSITT;9;1
VARGEM BONITA;9;0
TEOTONIO VILELA;9;1
APARECIDA DO TABOADO;9;1
SAO CAITANO;9;0
ALTO PARANA;9;1
ENGENHEIRO CALDAS;9;0
SANTO ANTONIO DAS MISSOES;9;0
JARAGUA DO SUL;9;3
CABROBO;9;1
BOM DESPACHO;9;1
CAIAPONIA;9;1
SANTA VITORIA;9;3
IBIRAPITANGA;9;0
INHAPIM;9;2
BUTIA;9;0
LUZ;9;2
CACHOEIRINHA;9;6
BREJOES;9;1
ITIQUIRA;9;2
CAMBIRA;9;1
SANTIAGO;9;1
SANTA INES;9;1
HERVAL DOESTE;9;1
SALINAS;9;10
ITAPAJE;9;1
MATUPA;9;1
CAPIVARI DE BAIXO;9;1
CARIDADE;9;1
SAO SEBASTIAO DA BELA VISTA;9;1
RODEIO;9;1
CHOROZINHO;8;0
CLAUDIA;8;0
CATUJI;8;1
LAGOA GRANDE;8;1
PORTO UNIAO;8;0
PRESIDENTE FIGUEIREDO;8;2
PERITORO;8;3
PLANALTO;8;3
PEIXOTO DE AZEVEDO;8;0
FORTALEZA DO TABOCAO;8;4
POCONE;8;1
POMBAL;8;1
PIRENOPOLIS;8;0
DOIS IRMAOS;8;0
FLEXEIRAS;8;2
ANDIRA;8;1
VILA VELHA;8;0
JUQUIA;8;3
DELTA;8;1
PICADA CAFE;8;0
NOVA ERA;8;2
GANDU;8;1
RIO REAL;8;3
REBOUCAS;8;0
REDUTO;8;0
CARIRI DO TOCANTINS;8;1
MONTE NEGRO;8;2
RIBEIRAO;8;1
ITAPECURU MIRIM;8;1
SAO LOURENCO DO SUL;8;0
IPIRANGA;8;1
IBIA;8;0
MATEUS LEME;8;0
HUMAITA;8;2
CALDAS;8;1
CAJAZEIRAS;8;0
GURUPI;8;1
ROSARIO DO SUL;8;2
MESQUITA;8;0
MESSIAS;8;0
SAO MATEUS DO SUL;8;3
MEDINA;8;0
CARAI;8;4
CANTA;8;0
SANTANA DO IPANEMA;8;1
INGA;8;0
SAO BORJA;8;0
BOA VISTA DO TUPIM;8;0
SAO GONCALO DO SAPUCAI;8;1
SAO JOAO DO MANHUACU;8;0
ITAJA;8;0
ITAITINGA;8;0
LUIS EDUARDO MAGALHAES;8;2
LONTRAS;8;1
CALIFORNIA;8;0
SANTA TEREZINHA DE ITAIPU;8;0
INDIANOPOLIS;8;2
SANTA MARIA DO PARA;8;1
IRAJUBA;8;3
IRACEMINHA;8;1
TRES PASSOS;8;0
VIRMOND;8;0
UNIAO DA VITORIA;7;1
JEREMOABO;7;2
WANDERLANDIA;7;2
PARAGOMINAS;7;2
PARACAMBI;7;1
PANAMBI;7;1
PALMEIRA DOS INDIOS;7;0
AMARANTE;7;3
TROMBUDO CENTRAL;7;0
JULIO DE CASTILHOS;7;0
UNIAO DOS PALMARES;7;0
MALLET;7;2
SAO FRANCISCO DE GOIAS;7;0
BOM JESUS DO AMPARO;7;1
SAO GABRIEL;7;1
ITAMONTE;7;0
BELO ORIENTE;7;1
SAO JOSE DO CERRITO;7;0
BATAGUASSU;7;0
CACHOEIRA PAULISTA;7;0
CACHOEIRA ALTA;7;4
MARACAJA;7;1
CAAPORA;7;1
BRUNOPOLIS;7;6
BREJO SANTO;7;3
MARECHAL CANDIDO RONDON;7;1
IJUI;7;0
IPIXUNA DO PARA;7;1
SANTO ANTONIO DA BARRA;7;0
SANTA BARBARA;7;0
MASCOTE;7;1
MARQUES DE SOUZA;7;0
MARILANDIA DO SUL;7;1
CAMPINORTE;7;2
BARAO DE GRAJAU;7;0
SAO RAIMUNDO DAS MANGABEIRAS;7;6
LENCOIS;7;0
ATALAIA;7;3
SERTANIA;7;0
CANTAGALO;7;0
GUAMIRANGA;7;0
GUAIRACA;7;3
CANAS;7;0
CASEIROS;7;1
GOVERNADOR CELSO RAMOS;7;0
GOIATUBA;7;1
CAPIM GROSSO;7;0
POSSE;7;2
GEMINIANO;7;0
CATANDUVAS;7;0
ITAUBA;7;2
ASCURRA;7;0
AREIA BRANCA;7;0
ARAXA;7;0
BAGE;7;0
NOVA ANDRADINA;7;1
PORTO FRANCO;7;1
CONCEICAO DO ALMEIDA;7;2
COMENDADOR LEVY GASPARIAN;7;0
COLINAS DO TOCANTINS;7;0
PIRIPIRI;7;0
NOVA ITABERABA;7;0
NOVA ESPERANCA;7;0
OLIVEIRA DOS BREJINHOS;7;0
CORUMBA;7;2
PARAIBA DO SUL;7;2
PEDRO GOMES;7;0
PAULO FRONTIN;7;1
LAGOA DO PIAUI;7;0
JUNQUEIRO;7;0
JANDAIA;7;0
JAGUARARI;7;1
AGUA BOA;6;0
VENTANIA;6;1
JEQUITAI;6;1
JATAIZINHO;6;1
ALTO ARAGUAIA;6;0
ALTO GARCAS;6;1
UMBAUBA;6;1
ALVORADA DO NORTE;6;3
ALVORADA DOESTE;6;2
TRES CACHOEIRAS;6;0
ALTO ALEGRE DO MARANHAO;6;1
UBAITABA;6;0
TRINDADE;6;2
SAO SEPE;6;1
SAO VICENTE DO SUL;6;0
JUTI;6;0
SENTINELA DO SUL;6;1
BAIXO GUANDU;6;1
TANGARA;6;3
TARTARUGALZINHO;6;0
TEREZOPOLIS DE GOIAS;6;0
ANTONINA;6;0
TERRA ROXA;6;0
ARARIPINA;6;3
BARRACAO;6;2
BARAO DE COCAIS;6;0
CAMPO ALEGRE;6;1
CAMPOS DE JULIO;6;1
CANAPOLIS;6;0
PORTO GRANDE;6;0
MASSARANDUBA;6;2
PORTO REAL;6;0
CHOPINZINHO;6;4
MATHIAS LOBATO;6;0
PRESIDENTE KENNEDY;6;1
CEDRO DE SAO JOAO;6;0
RESSAQUINHA;6;0
RIACHAO DO BACAMARTE;6;1
SANTA LUCIA;6;0
BONFIM;6;3
SANTA VITORIA DO PALMAR;6;1
SANTANA DA BOA VISTA;6;0
CACAPAVA DO SUL;6;1
MAMBORE;6;1
IRINEOPOLIS;6;0
IRANI;6;0
SANTA ROSA;6;0
SAO JOAO DA BARRA;6;2
LIMA DUARTE;6;1
BOCAIUVA DO SUL;6;0
BOCAINA DO SUL;6;0
SAO JOSE DA VITORIA;6;4
BELA VISTA DO MARANHAO;6;1
BELFORD ROXO;6;0
SAO LUIZ DO NORTE;6;0
CARAVELAS;6;3
PALMEIRAS DO TOCANTINS;6;5
EUCLIDES DA CUNHA;6;0
PALMEIRA DAS MISSOES;6;4
GUARACIABA;6;0
MIRANORTE;6;3
OLIVEIRA FORTES;6;2
FERVEDOURO;6;0
MURICI;6;0
GUAICARA;6;0
VITORIA DO XINGU;6;1
FREI INOCENCIO;6;0
NOVA PRATA;6;1
NOVA OLINDA DO MARANHAO;6;6
OCAUCU;6;0
OIAPOQUE;6;0
ENTRE-IJUIS;6;0
PERDIZES;6;1
DESCANSO;6;0
CRISTINO CASTRO;6;5
PARAISO DAS AGUAS;6;0
GUARARA;6;0
ELDORADO;6;0
DOM EXPEDITO LOPES;6;4
POCOS DE CALDAS;6;0
PIRACURUCA;6;1
PINHEIRO MACHADO;6;1
PIQUETE;6;0
MAURILANDIA;6;0
CANARANA;6;2
SANTA BARBARA DO LESTE;6;0
CAMPESTRE DO MARANHAO;6;2
COLORADO DO OESTE;6;1
IBOTIRAMA;6;0
CORREGO DANTA;6;0
SAO MIGUEL DO GUAMA;5;2
JAGUARIBE;5;0
ITATIM;5;3
BARAO;5;0
SENADOR JOSE BENTO;5;0
ARAGARCAS;5;0
TEOFILANDIA;5;2
ARACI;5;2
TANQUINHO;5;0
SOBRADO;5;0
JUNCO DO SERIDO;5;0
JURANDA;5;0
SERRINHA;5;0
APODI;5;1
ANGICOS;5;2
TERRA DE AREIA;5;1
ALMIRANTE TAMANDARE DO SUL;5;2
ANASTACIO;5;1
JAGUARACU;5;3
VICENTINA;5;0
VALE DE SAO DOMINGOS;5;0
UMIRIM;5;0
ALIANCA DO TOCANTINS;5;0
ALTO PARAISO;5;1
JAPARATUBA;5;0
JAPERI;5;4
SIMOLANDIA;5;0
SIMAO PEREIRA;5;0
LAJEDO;5;1
MATIPO;5;0
PRESIDENTE CASTELO BRANCO;5;1
POUSO NOVO;5;0
CAXAMBU;5;0
REALEZA;5;0
CARAPEBUS;5;0
SANTA HELENA DE GOIAS;5;0
CAMACAN;5;0
CAMPO FLORIDO;5;0
CAMPOS ALTOS;5;0
SANHARO;5;1
SANTA CRUZ;5;0
RUBELITA;5;1
RORAINOPOLIS;5;0
MARACAJU;5;3
RIO TINTO;5;0
ITAQUI;5;1
ITAGIMIRIM;5;0
SAO FRANCISCO DO GLORIA;5;1
SAO JOAO;5;1
BOA VISTA DAS MISSOES;5;0
SAO JOAO DO SUL;5;2
SAO JOSE DO HERVAL;5;0
BOM JARDIM;5;1
CAETES;5;0
BRASILANDIA DO TOCANTINS;5;1
BUJARI;5;0
BUERAREMA;5;1
SANTA MARIANA;5;0
MAQUINE;5;1
SANTA MARGARIDA DO SUL;5;1
CRISTIANO OTONI;5;0
EPITACIOLANDIA;5;1
ERVAL VELHO;5;1
ELDORADO DO CARAJAS;5;1
PEDRO CANARIO;5;0
CUMARI;5;0
DIONISIO CERQUEIRA;5;1
CUSTODIA;5;0
PEIXE;5;2
CRUZ DO ESPIRITO SANTO;5;0
CONGONHAL;5;0
CONCEICAO DE MACABU;5;0
COMENDADOR GOMES;5;0
CONCEICAO DO CASTELO;5;0
MARECHAL DEODORO;5;1
PIRAPORA;5;0
PLANURA;5;0
GUAJARA-MIRIM;5;0
OURO PRETO;5;2
FIGUEIROPOLIS;5;0
ORIZANIA;5;2
PANTANO GRANDE;5;0
ENTRE RIOS;5;1
ESTRELA DO NORTE;5;1
PADRE PARAISO;5;1
NOVA LONDRINA;5;2
NOVA UNIAO;5;0
NOVA XAVANTINA;5;0
NAZARE DA MATA;5;0
VERANOPOLIS;5;1
ALEGRETE;5;0
WENCESLAU GUIMARAES;5;2
ACU;5;0
AFRANIO;4;0
XEXEU;4;1
ABRE CAMPO;4;1
SANTA RITA DO TOCANTINS;4;1
SANTA ROSA DO SUL;4;0
IRAUCUBA;4;2
XAPURI;4;2
GRAJAU;4;1
MUQUI;4;0
GAVIAO;4;1
MANOEL VITORINO;4;1
SANTA CRUZ DO SUL;4;0
CAMPESTRE DA SERRA;4;0
MALTA;4;0
BRASILEIRA;4;0
IPAUMIRIM;4;0
ROSARIO;4;0
RIO MANSO;4;0
CANUTAMA;4;1
LINS;4;0
SAO GONCALO DO PARA;4;0
NIOAQUE;4;1
FRANCISCO ALVES;4;0
RIANAPOLIS;4;1
CARDOSO MOREIRA;4;1
BOA NOVA;4;0
BOM JARDIM DE MINAS;4;2
SAO JOSE DO CEDRO;4;0
CARPINA;4;0
RIACHUELO;4;0
SAO JOSE DO SUL;4;1
BELA VISTA DE MINAS;4;1
SAO MATEUS DO MARANHAO;4;1
QUARAI;4;0
QUELUZ;4;0
QUIJINGUE;4;1
CEREJEIRAS;4;0
QUITANDINHA;4;0
BARRO;4;1
BARRO ALTO;4;1
TRES DE MAIO;4;0
FRUTA DE LEITE;4;1
GAMELEIRA;4;0
NOVA GLORIA;4;1
FORMOSA DO RIO PRETO;4;0
FOZ DO JORDAO;4;0
LARANJEIRAS;4;0
LAVRINHAS;4;0
PRADO;4;0
PRESIDENTE DUTRA;4;2
MARUIM;4;0
IUNA;4;3
ITAPIRAPUA;4;1
SAO PEDRO DO SUL;4;0
TIO HUGO;4;3
MIRASSOL DOESTE;4;0
ALVORADA;4;0
TRACUATEUA;4;3
PONTO DOS VOLANTES;4;1
PONTO NOVO;4;0
SELVIRIA;4;0
SENA MADUREIRA;4;1
SENADOR ELOI DE SOUZA;4;0
POCINHOS;4;0
CORONEL FABRICIANO;4;2
CRISTAL;4;0
AUGUSTO SEVERO;4;2
BACABAL;4;2
PINDARE-MIRIM;4;3
GUARANI DE GOIAS;4;4
FAZENDA VILANOVA;4;0
JAPIRA;4;1
JARAGUARI;4;2
JAGUARAO;4;0
JAGUARI;4;4
PEJUCARA;4;1
CRUZ ALTA;4;1
CRUZEIRO;4;0
PEDRA;4;1
PEDRO OSORIO;4;1
LAJE;4;0
DOM PEDRITO;4;2
DOM PEDRO DE ALCANTARA;4;0
DOURADINA;4;1
DUERE;4;0
PAULA FREITAS;4;0
JUCURUTU;4;0
EWBANK DA CAMARA;4;1
GUARANI DAS MISSOES;4;2
MIRACEMA DO TOCANTINS;4;0
MIRADOURO;4;1
DOM AQUINO;4;0
DOM CAVATI;4;0
TAPES;4;1
TARAUACA;4;0
ESTANCIA VELHA;4;0
GUARAREMA;4;1
GUARUJA DO SUL;4;0
TEIXEIRA SOARES;4;1
TEODORO SAMPAIO;4;1
XAMBIOA;4;1
VALENCA DO PIAUI;4;0
VARGEAO;4;0
VARJAO;4;1
VARJAO DE MINAS;4;0
VEREDA;4;2
JEQUIA DA PRAIA;4;2
JOAQUIM GOMES;4;0
JOAQUIM NABUCO;4;0
URAI;4;0
MORADA NOVA;3;1
MONTES CLAROS DE GOIAS;3;0
VALENCA;3;0
URUCUCA;3;0
CABO VERDE;3;0
CALDAS BRANDAO;3;1
CAICARA DO RIO DO VENTO;3;0
SANTA TEREZA DE GOIAS;3;2
ACARI;3;0
CAMAPUA;3;0
PANELAS;3;3
PALMEIRAS;3;0
SANTA LUZIA DO PARA;3;1
SANTA CRUZ DE SALINAS;3;0
SANTA CRUZ CABRALIA;3;4
SANTO CRISTO;3;0
SANTO ANTONIO DO SUDOESTE;3;0
CACHOEIRA DO PIRIA;3;2
SANTA RITA DO NOVO DESTINO;3;0
SAIRE;3;1
ROSARIO DO CATETE;3;2
CANGUARETAMA;3;0
LIMOEIRO DO NORTE;3;0
BRANQUINHA;3;2
BOTELHOS;3;0
MALHADA DOS BOIS;3;0
CAMPANARIO;3;2
FATIMA DO SUL;3;0
EUGENOPOLIS;3;0
ESTRELA DE ALAGOAS;3;1
FLORES;3;0
ANTONIO CARDOSO;3;0
MINAS DO LEAO;3;0
CAMPOS NOVOS PAULISTA;3;1
IGARAPE DO MEIO;3;0
ICO;3;1
SAO GONCALO DO GURGUEIA;3;0
PATROCINIO DO MURIAE;3;0
PASSO DE TORRES;3;0
ELESBAO VELOSO;3;1
ARROIO DOS RATOS;3;0
ARGIRITA;3;0
LAJES PINTADAS;3;0
INHAMBUPE;3;1
ROLANDIA;3;0
CANUDOS;3;0
RIBAMAR FIQUENE;3;2
SAO JOAO DA FRONTEIRA;3;0
UIRAUNA;3;0
ALFREDO VASCONCELOS;3;1
UBARANA;3;0
TURUCU;3;1
TUPIRAMA;3;1
NEPOMUCENO;3;0
REDENCAO DO GURGUEIA;3;0
JAMPRUCA;3;1
JAGUARUNA;3;0
ARES;3;0
DEODAPOLIS;3;1
DELMIRO GOUVEIA;3;2
DAVINOPOLIS;3;0
PEDRO LEOPOLDO;3;0
CURRAIS NOVOS;3;0
GURINHEM;3;0
GURINHATA;3;0
BOA VIAGEM;3;1
CARACARAI;3;0
RIO AZUL;3;0
SAO MIGUEL DE TAIPU;3;0
BERTOLINIA;3;1
BELEM DE SAO FRANCISCO;3;0
SAO JOSE DO JACUIPE;3;0
RIACHAO DAS NEVES;3;5
CASSILANDIA;3;0
CARLOS BARBOSA;3;0
CRISTOPOLIS;3;3
JARDIM DO SERIDO;3;0
JANDUIS;3;0
FERNANDES PINHEIRO;3;0
MONTE ALEGRE DO PIAUI;3;0
JUPI;3;0
CIPO;3;0
LARANJAL DO JARI;3;3
GILBUES;3;4
NOVA PETROPOLIS;3;0
ITAPORANGA;3;2
MATOZINHOS;3;0
HUMBERTO DE CAMPOS;3;0
AURELINO LEAL;3;3
ATILIO VIVACQUA;3;0
CURACA;3;2
CRUZ DAS ALMAS;3;0
IVOTI;3;0
CHUI;3;0
PORTO MURTINHO;3;1
PROMISSAO;3;0
PONTE ALTA DO NORTE;3;1
CORONEL BICACO;3;0
ANAPU;3;0
AMAJARI;3;2
ALVORADA DO GURGUEIA;3;1
TORRES;3;0
CORUMBA DE GOIAS;3;0
CORRENTE;3;1
POCO BRANCO;3;1
SENADOR GUIOMARD;3;0
SAO SIMAO;3;0
BARRA DE SANTANA;3;1
CONCEICAO DA FEIRA;3;0
PORTO AMAZONAS;3;0
PORTELANDIA;3;1
PIRANHAS;3;0
PINHEIROS;3;0
VENTUROSA;3;1
AGUA PRETA;3;1
AGUA DOCE;3;0
AGUA BRANCA;3;2
VITORIA DO MEARIM;3;0
VITORIA DAS MISSOES;3;1
TAUA;3;0
SANTA LUZIA DO ITANHY;3;0
VERA;3;0
GAROPABA;3;0
NAQUE;3;0
MORRO REUTER;3;0
GUAIMBE;3;0
JOAO CAMARA;3;0
UNISTALDA;3;0
UPANEMA;3;1
GOVERNADOR MANGABEIRA;2;0
MURIBECA;2;0
MURITIBA;2;0
MUTUIPE;2;0
AGUIARNOPOLIS;2;0
ALCANTIL;2;3
SANTA LUZ;2;0
ITAARA;2;0
ITABERAI;2;1
JATI;2;0
AGRESTINA;2;0
VISEU;2;0
AGUA CLARA;2;1
AGUA SANTA;2;0
VARZEA ALEGRE;2;0
URUARA;2;1
PEIXE-BOI;2;0
COLONIA LEOPOLDINA;2;0
SAPEZAL;2;2
SEBASTIAO LEAL;2;2
SERITINGA;2;0
POCO DAS TRINCHEIRAS;2;0
CONSELHEIRO MAIRINCK;2;0
COREAU;2;0
NOVA SANTA HELENA;2;0
NOVO LINO;2;0
OCARA;2;0
ONDA VERDE;2;0
MOEMA;2;2
TOUROS;2;0
TRACUNHAEM;2;0
SAO SEBASTIAO DE LAGOA DE  ROCA;2;0
BALNEARIO BARRA DO SUL;2;0
CORONEL BARROS;2;0
PRIMEIRA CRUZ;2;0
MARIBONDO;2;1
MARIPA DE MINAS;2;0
MARMELEIRO;2;0
CERRO LARGO;2;0
CHORROCHO;2;0
ITINGA DO MARANHAO;2;1
ITUPIRANGA;2;1
JABOTICABA;2;0
CUPIRA;2;1
SERRA NEGRA DO NORTE;2;1
AXIXA;2;1
ARARUNA;2;0
IBEMA;2;0
IBIMIRIM;2;0
IBIRAPUA;2;0
MAXARANGUAPE;2;1
MEDICILANDIA;2;0
PINHEIRAL;2;2
SAO PEDRO DO TURVO;2;0
TIRADENTES DO SUL;2;0
NOVA LACERDA;2;0
FLORESTA;2;2
NOVA ROSALANDIA;2;1
GLORIA DE DOURADOS;2;0
GLORIA DOESTE;2;0
LAVRAS DA MANGABEIRA;2;0
CIDELANDIA;2;0
CLARO DOS POCOES;2;0
COCAL DE TELHA;2;1
LADARIO;2;0
LAJEDINHO;2;0
FERREIRA GOMES;2;0
FIGUEIROPOLIS DOESTE;2;0
FLOR DA SERRA DO SUL;2;1
JANIOPOLIS;2;0
JAPOATA;2;0
TIMOTEO;2;1
PEROLA DOESTE;2;0
PETROLANDIA;2;1
POXOREU;2;1
PRACUUBA;2;0
PRESIDENTE TANCREDO NEVES;2;0
CATOLANDIA;2;0
CERRO AZUL;2;0
QUIXABEIRA;2;0
BARRA DO QUARAI;2;0
BEBERIBE;2;0
SAO PEDRO DA CIPA;2;0
TUNTUM;2;2
NOVA FATIMA;2;5
NOVA IBIA;2;1
RIBEIRA DO AMPARO;2;0
RIBEIRAO CASCALHEIRA;2;0
CAPIXABA;2;1
CAREIRO;2;0
RIO DO FOGO;2;0
SAO JOAO DA VARJOTA;2;0
SAO JOAO DO CARIRI;2;1
SAO JOAO DO JAGUARIBE;2;0
SAO JOAO DO RIO DO PEIXE;2;0
SAO JOSE DA LAJE;2;0
ANGICAL DO PIAUI;2;1
MATOES;2;1
MATOES DO NORTE;2;0
PEDRAS DE FOGO;2;0
PEDRO AFONSO;2;1
DEMERVAL LOBAO;2;0
BOM JESUS DAS SELVAS;2;0
SAO JOSE DO BELMONTE;2;1
NAZARE DO PIAUI;2;0
NEOPOLIS;2;2
FRANCISCO MACEDO;2;1
FREI PAULO;2;1
UBATA;2;0
ALIANCA;2;1
ALMINO AFONSO;2;0
ULIANOPOLIS;2;0
CAPAO BONITO DO SUL;2;0
CAPELA;2;0
CAPINZAL DO NORTE;2;0
CAPITAO DE CAMPOS;2;0
RIO PRETO DA EVA;2;0
INHAPI;2;0
LOANDA;2;0
ITANHANDU;2;0
MACAU;2;1
MACEIO;2;0
PARAMBU;2;1
PARANA;2;1
PARANATAMA;2;0
LARANJAL;2;0
ARROIO GRANDE;2;0
PATO BRANCO;2;0
PATU;2;0
PAULISTANA;2;2
GUIA LOPES DA LAGUNA;2;0
GUIMARANIA;2;0
SAO FRANCISCO DO OESTE;2;1
SAO GONCALO DOS CAMPOS;2;0
CAMPO DO TENENTE;2;0
CAMPO NOVO;2;1
SANTA BARBARA DO SUL;2;0
INHUMA;2;1
IPAMERI;2;0
IPIAU;2;0
ICARAIMA;2;0
ICEM;2;0
IGARAPE-ACU;2;0
RONDON DO PARA;2;0
MERCEDES;2;0
TASSO FRAGOSO;2;0
APARECIDA DO RIO DOCE;2;0
AQUIDAUANA;2;1
JUCATI;2;1
FLORANIA;2;0
PACAJA;2;2
PACARAIMA;2;1
ESTREITO;2;0
HIDROLINA;2;1
CANAPI;2;0
RIO DOS BOIS;2;0
RIO MARIA;2;1
SAO FERNANDO;2;0
BOM PRINCIPIO DO PIAUI;2;0
BOM PROGRESSO;2;0
BOZANO;2;1
BRAGANCA;2;1
BRASIL NOVO;2;1
SALVADOR DO SUL;2;0
CAMPO BONITO;2;0
SANTA RITA DE CALDAS;2;0
CACEQUI;2;0
CACHOEIRA DE PAJEU;2;0
SANTO AMARO;2;0
SANTO AMARO DO MARANHAO;2;0
BURITI DOS LOPES;2;1
SANTA BRIGIDA;2;0
SANTA MARIA DA BOA VISTA;2;0
SANTA MARIA DA VITORIA;2;0
SUME;2;0
TABAI;2;0
TACAIMBO;2;0
TALISMA;2;0
TAQUARITINGA DO NORTE;2;0
TARUMIRIM;2;1
ARAGUATINS;2;0
PALMEIRANTE;2;1
PANAMA;2;1
ESPERANCA;2;0
PARAISO;2;0
SANTA FE DE GOIAS;2;0
SANTA FILOMENA;2;1
JENIPAPO DOS VIEIRAS;2;1
VERISSIMO;2;0
VICTOR GRAEFF;2;0
VILA BELA DA SANTISSIMA TRINDADE;2;0
CAIBATE;2;0
CALCADO;2;1
CALCOENE;2;0
IPOJUCA;2;0
ACEGUA;2;0
MORMACO;2;0
GOVERNADOR EDISON LOBAO;2;1
ACAUA;1;0
ACRELANDIA;1;0
ADRIANOPOLIS;1;0
VITORIA;1;0
AGUA FRIA DE GOIAS;1;0
VARGEM GRANDE;1;0
ABARE;1;1
VILA BOA;1;0
VILA FLORES;1;0
VILA NOVA DO PIAUI;1;2
VILA NOVA DO SUL;1;0
VILA VALERIO;1;0
SANTA ROSA DA SERRA;1;0
SANTA ROSA DO TOCANTINS;1;0
SANTANA;1;0
MORROS;1;1
GOVERNADOR NUNES FREIRE;1;0
GOVERNADOR NEWTON BELLO;1;0
JATOBA;1;0
JATEI;1;0
UBAJARA;1;0
UAUA;1;1
TUPANCI DO SUL;1;0
FRANCISCO SANTOS;1;0
NOSSA SENHORA DO LIVRAMENTO;1;0
NORMANDIA;1;0
NIQUELANDIA;1;0
NAZARE;1;0
GETULINA;1;0
FORQUETINHA;1;0
FORMOSO DO ARAGUAIA;1;0
CAMPO GRANDE DO PIAUI;1;0
SALTO GRANDE;1;0
SALDANHA MARINHO;1;0
SACRAMENTO;1;0
CANDIOTA;1;0
CANDEAL;1;0
LIBERDADE;1;0
ITAQUARA;1;1
SAO FRANCISCO;1;0
BRASILANDIA;1;0
BOM JESUS DO TOCANTINS;1;1
SAO BENTO DO TOCANTINS;1;0
MAJOR SALES;1;1
MAE DO RIO;1;0
CAMARAGIBE;1;0
SANTA FILOMENA DO MARANHAO;1;1
CARAUBAS DO PIAUI;1;0
RIBEIRAO DO SUL;1;0
SAO FRANCISCO DO GUAPORE;1;1
MADALENA;1;0
LUZINOPOLIS;1;0
ITAJUIPE;1;0
ITACARE;1;0
LUIS CORREIA;1;0
MARANGUAPE;1;1
MARA ROSA;1;0
ROMARIA;1;0
ROQUE GONZALES;1;0
IPIRANGA DO PIAUI;1;0
IPATINGA;1;0
CAMPO REDONDO;1;0
CAMPO NOVO DO PARECIS;1;1
CASA NOVA;1;0
CAROLINA;1;0
CARMO;1;0
CARIRA;1;1
REMIGIO;1;0
RAPOSOS;1;0
RAFAEL GODEIRO;1;0
SAO JOSE DAS MISSOES;1;0
BOM JARDIM DE GOIAS;1;0
BOA VISTA DO BURICA;1;0
SAO JOAO DOS PATOS;1;0
SAO JOAO DO ARAGUAIA;1;0
RIO DAS OSTRAS;1;0
RIO DAS FLORES;1;0
RIO CRESPO;1;0
CAREIRO DA VARZEA;1;0
QUATRO PONTES;1;0
QUATIS;1;0
QUATIPURU;1;0
PUXINANA;1;0
SAO MIGUEL ARCANJO;1;0
SAO MAMEDE;1;1
SAO LUIS DO CURU;1;1
BICAS;1;0
BELMONTE;1;3
BELA VISTA DE GOIAS;1;0
SAO JOSE DOS AUSENTES;1;0
SAO JOSE DO VALE DO RIO PRETO;1;0
SAO JOSE DO INHACORA;1;0
RIACHAO DO POCO;1;0
RIACHAO;1;1
CASTILHO;1;0
PUGMIL;1;0
PROPRIA;1;0
PRESIDENTE VARGAS;1;0
PRESIDENTE OLEGARIO;1;0
CIANORTE;1;1
LAURENTINO;1;0
SAO PEDRO;1;0
SAO MIGUEL DO GUAPORE;1;0
BELA VISTA;1;0
BATALHA;1;0
BARROLANDIA;1;1
SAO MIGUEL DO ARAGUAIA;1;1
RAFAEL FERNANDES;1;1
CERRITO;1;0
CASTRO ALVES;1;0
QUIPAPA;1;0
COLONIA DO GURGUEIA;1;0
PORTO ACRE;1;0
PORTEIRAO;1;0
SAO PEDRO DO PIAUI;1;0
SAO PEDRO DO BUTIA;1;0
ITAPEJARA DOESTE;1;0
ITAPE;1;0
ITAU;1;0
CHAPADAO DO SUL;1;0
PORTO XAVIER;1;0
MATARACA;1;0
MARQUINHO;1;0
MARIZOPOLIS;1;1
MARITUBA;1;0
MARCOLANDIA;1;0
MARCELINO RAMOS;1;0
CRICIUMA;1;0
COXILHA;1;0
POCO DANTAS;1;1
PLACAS;1;1
PIRATINI;1;0
SERRA CAIADA;1;0
SERRA BRANCA;1;0
SAPEACU;1;0
SAO VICENTE;1;0
BARRA DE SANTA ROSA;1;0
BARAO DE COTEGIPE;1;0
BANDEIRA DO SUL;1;0
MARAU;1;0
MARANHAOZINHO;1;1
PORTO ESPERIDIAO;1;0
CONCEICAO DAS ALAGOAS;1;0
PIO IX;1;0
MATRIZ DE CAMARAGIBE;1;0
IBITIARA;1;0
IBIQUERA;1;0
IBARETAMA;1;0
ARATACA;1;0
ARARI;1;0
BAIXIO;1;0
BAIA FORMOSA;1;0
BAEPENDI;1;1
AURORA DO PARA;1;1
ASSUNCAO;1;0
SETE DE SETEMBRO;1;0
SERTANOPOLIS;1;0
CONDADO;1;1
CRISTALANDIA DO PIAUI;1;1
PASTOS BONS;1;0
DOM PEDRO;1;1
SILVANOPOLIS;1;1
LAJES;1;0
LAJEADO NOVO;1;0
JAICOS;1;0
DOIS IRMAOS DO BURITI;1;0
DILERMANDO DE AGUIAR;1;0
DIAMANTE DO SUL;1;1
DESTERRO DE ENTRE RIOS;1;0
PEDRO ALEXANDRE;1;1
PEDRA BRANCA;1;2
PEDRA AZUL;1;0
MATO CASTELHANO;1;0
PEREIRO;1;0
PENAFORTE;1;0
ENCRUZILHADA;1;0
PALMITOS;1;0
ARAMBARE;1;0
ARAGUANA;1;0
ARACOIABA;1;0
TAQUARI;1;0
TAIPU;1;0
TABULEIRO DO NORTE;1;0
SILVEIRAS;1;0
PARANAIGUARA;1;0
MIRANDIBA;1;1
MIRANDA DO NORTE;1;0
HULHA NEGRA;1;0
PAVERAMA;1;0
PAULO AFONSO;1;0
PAU DOS FERROS;1;1
FATIMA;1;0
FAROL;1;0
PALHANO;1;0
PADRE CARVALHO;1;0
OURO BRANCO;1;0
OURINHOS;1;0
OROCO;1;1
JUNCO DO MARANHAO;1;0
THEOBROMA;1;0
ANTONIO MARTINS;1;0
ANTAS;1;0
TEOLANDIA;1;0
TENENTE LAURENTINO CRUZ;1;1
MINADOR DO NEGRAO;1;1
ESPERANTINA;1;0
ERMO;1;0
NOVA UBIRATA;1;0
NOVA TIMBOTEUA;1;0
NOVA SOURE;1;0
TORITAMA;1;0
TIMBE DO SUL;1;0
TIMBAUBA;1;0
JACOBINA;1;0
JANDAIRA;1;0
FERNANDO PEDROZA;1;0
FELIPE GUERRA;1;0
MONTE CARMELO;1;2
MONTE ALEGRE DOS CAMPOS;1;0
GUARAQUECABA;1;0
MONSENHOR HIPOLITO;1;0
MONCAO;1;0
MOGEIRO;1;0
FORMIGUEIRO;1;0
FRUTUOSO GOMES;1;0
FRONTEIRAS;1;0
TUNEIRAS DO OESTE;1;0
TRES FORQUILHAS;1;0
TRES ARROIOS;1;0
ANDRE DA ROCHA;1;0
ANAURILANDIA;1;0
ALTO SANTO;1;0
MOEDA;1;0
MIRASSOL;1;0
OLIVEIRA DE FATIMA;1;0
OLIVEDOS;1;1
OLINDINA;1;1
OLHO DAGUA DO PIAUI;1;1
OLARIA;1;0
CAEM;1;0
JUAZEIRINHO;1;1
JOSE DA PENHA;1;0
JIQUIRICA;1;0
JERUMENHA;1;0
JAURU;1;0
GOVERNADOR EUGENIO BARROS;1;0
GOVERNADOR DIX-SEPT ROSADO;1;1
MORRO REDONDO;1;0
MONTEIRO;1;0
VERDEJANTE;1;0
ALEGRETE DO PIAUI;1;0
AGUAS VERMELHAS;1;0
AGUAS BELAS;1;1
MUZAMBINHO;1;0
MUCAJAI;1;0
SANTA CRUZ DOS MILAGRES;1;0
SAO BENTINHO;1;0
SANTO ANTONIO DO PLANALTO;1;0
BURITICUPU;1;0
BREJETUBA;1;0
BREJAO;1;0
SANTO ANTONIO DO GRAMA;1;0
SANTO ANGELO;1;0
CACHOEIRA DOS INDIOS;1;1
SANTA LUZIA DO PARUA;1;0
MANCIO LIMA;1;0
IRUPI;1;0
IRAI;1;0
CACAULANDIA;1;0
CALDEIRAO GRANDE;1;1
CAIBI;1;0
