sk,id_natural,regional,dt_inicio,dt_fim,flag_atual
1,ARAGUAINA,SPRF-TO,2026-01-01,2026-06-26,False
2,RIO CASCA,SPRF-MG,2026-01-01,,True
3,BIGUACU,SPRF-SC,2026-01-01,,True
4,BRASILIA,SPRF-DF,2026-01-01,2026-06-26,False
5,MATUPA,SPRF-MT,2026-01-01,,True
6,BARRA DO TURVO,SPRF-SP,2026-01-01,,True
7,PATOS DE MINAS,SPRF-MG,2026-01-01,,True
8,CRISTALINA,SPRF-DF,2026-01-01,,True
9,FRONTEIRA,SPRF-MG,2026-01-01,,True
10,VENDA NOVA DO IMIGRANTE,SPRF-ES,2026-01-01,,True
11,SANTA BARBARA,SPRF-BA,2026-01-01,,True
12,ITAJAI,SPRF-SC,2026-01-01,,True
13,SANTO ANTONIO DO LEVERGER,SPRF-MT,2026-01-01,,True
14,BOM JARDIM DE GOIAS,SPRF-GO,2026-01-01,,True
15,LINHARES,SPRF-ES,2026-01-01,,True
16,CAARAPO,SPRF-MS,2026-01-01,,True
17,RIO VERDE DE MATO GROSSO,SPRF-MS,2026-01-01,,True
18,CAMPINA GRANDE DO SUL,SPRF-PR,2026-01-01,,True
19,FRANCISCO SA,SPRF-MG,2026-01-01,,True
20,REGISTRO,SPRF-SP,2026-01-01,,True
21,BENEVIDES,SPRF-PA,2026-01-01,,True
22,TRES CORACOES,SPRF-MG,2026-01-01,,True
23,ARAQUARI,SPRF-SC,2026-01-01,,True
24,GUARAPARI,SPRF-ES,2026-01-01,,True
25,SANTO ESTEVAO,SPRF-BA,2026-01-01,,True
26,GUAPIMIRIM,SPRF-RJ,2026-01-01,,True
27,MAUA DA SERRA,SPRF-PR,2026-01-01,,True
28,BARRA MANSA,SPRF-RJ,2026-01-01,,True
29,TUCANO,SPRF-BA,2026-01-01,,True
30,CAMPO GRANDE,SPRF-MS,2026-01-01,,True
31,PALHOCA,SPRF-SC,2026-01-01,,True
32,SAO JOSE,SPRF-SC,2026-01-01,,True
33,ANTONIO DIAS,SPRF-MG,2026-01-01,,True
34,GUAIRACA,SPRF-PR,2026-01-01,,True
35,PELOTAS,SPRF-RS,2026-01-01,,True
36,MALLET,SPRF-PR,2026-01-01,,True
37,JATI,SPRF-CE,2026-01-01,,True
38,BARRA DO PIRAI,SPRF-RJ,2026-01-01,,True
39,BERTOLINIA,SPRF-PI,2026-01-01,,True
40,IMBAU,SPRF-PR,2026-01-01,,True
41,LAVRAS,SPRF-MG,2026-01-01,,True
42,TEOTONIO VILELA,SPRF-AL,2026-01-01,,True
43,MIRANDA,SPRF-MS,2026-01-01,,True
44,IRATI,SPRF-PR,2026-01-01,,True
45,NOVA IGUACU,SPRF-RJ,2026-01-01,,True
46,ARACATI,SPRF-CE,2026-01-01,,True
47,CANDIDO SALES,SPRF-BA,2026-01-01,,True
48,NOVA ITARANA,SPRF-BA,2026-01-01,,True
49,OURO PRETO DO OESTE,SPRF-RO,2026-01-01,,True
50,TUPIRAMA,SPRF-TO,2026-01-01,,True
51,FERVEDOURO,SPRF-MG,2026-01-01,,True
52,CAPITAO LEONIDAS MARQUES,SPRF-PR,2026-01-01,,True
53,ESTIVA,SPRF-MG,2026-01-01,,True
54,CENTRALINA,SPRF-MG,2026-01-01,,True
55,JUQUITIBA,SPRF-SP,2026-01-01,,True
56,ANGICOS,SPRF-RN,2026-01-01,,True
57,PORTO BELO,SPRF-SC,2026-01-01,,True
58,RIACHAO DAS NEVES,SPRF-BA,2026-01-01,,True
59,RIBEIRAO DAS NEVES,SPRF-MG,2026-01-01,,True
60,ABREU E LIMA,SPRF-PE,2026-01-01,,True
61,JAPARATUBA,SPRF-SE,2026-01-01,,True
62,RUSSAS,SPRF-CE,2026-01-01,,True
63,PEDRA,SPRF-PE,2026-01-01,,True
64,RIBAS DO RIO PARDO,SPRF-MS,2026-01-01,,True
65,CURVELO,SPRF-MG,2026-01-01,,True
66,CATU,SPRF-BA,2026-01-01,,True
67,PAULO FRONTIN,SPRF-PR,2026-01-01,,True
68,ANGRA DOS REIS,SPRF-RJ,2026-01-01,,True
69,ITATIM,SPRF-BA,2026-01-01,,True
70,SERRA TALHADA,SPRF-PE,2026-01-01,,True
71,PRIMAVERA DO LESTE,SPRF-MT,2026-01-01,,True
72,MONTE CASTELO,SPRF-SC,2026-01-01,,True
73,CORONEL FABRICIANO,SPRF-MG,2026-01-01,,True
74,SAO MATEUS,SPRF-ES,2026-01-01,,True
75,TROMBUDO CENTRAL,SPRF-SC,2026-01-01,,True
76,PONTA GROSSA,SPRF-PR,2026-01-01,,True
77,SANTO AMARO DO MARANHAO,SPRF-MA,2026-01-01,,True
78,PARANAIBA,SPRF-MS,2026-01-01,,True
79,ANAPOLIS,SPRF-GO,2026-01-01,,True
80,MEDIANEIRA,SPRF-PR,2026-01-01,,True
81,RONDONOPOLIS,SPRF-MT,2026-01-01,,True
82,IBOTIRAMA,SPRF-BA,2026-01-01,,True
83,SANTA LUZIA,SPRF-MG,2026-01-01,2026-06-26,False
84,ITABIRITO,SPRF-MG,2026-01-01,,True
85,BARREIRAS,SPRF-BA,2026-01-01,,True
86,TERRA NOVA DO NORTE,SPRF-MT,2026-01-01,,True
87,MINADOR DO NEGRAO,SPRF-AL,2026-01-01,,True
88,CONCEICAO DO CASTELO,SPRF-ES,2026-01-01,,True
89,RIO VERDE,SPRF-GO,2026-01-01,2026-06-26,False
90,MORRINHOS,SPRF-GO,2026-01-01,,True
91,RORAINOPOLIS,SPRF-RR,2026-01-01,,True
92,PARATY,SPRF-RJ,2026-01-01,,True
93,GOIANA,SPRF-PE,2026-01-01,,True
94,NOVA ALVORADA DO SUL,SPRF-MS,2026-01-01,,True
95,ALEGRETE DO PIAUI,SPRF-PI,2026-01-01,,True
96,CANINDE,SPRF-CE,2026-01-01,,True
97,SAO JOSE DOS CAMPOS,SPRF-SP,2026-01-01,,True
98,CAMPOS NOVOS,SPRF-SC,2026-01-01,,True
99,TANGUA,SPRF-RJ,2026-01-01,,True
100,SAO GONCALO DO RIO ABAIXO,SPRF-MG,2026-01-01,,True
101,SAO DOMINGOS DO PRATA,SPRF-MG,2026-01-01,,True
102,PORTO NACIONAL,SPRF-TO,2026-01-01,,True
103,SERRINHA,SPRF-BA,2026-01-01,,True
104,BACABAL,SPRF-MA,2026-01-01,,True
105,VILHENA,SPRF-RO,2026-01-01,,True
106,ITAPORANGA DAJUDA,SPRF-SE,2026-01-01,,True
107,FOZ DO IGUACU,SPRF-PR,2026-01-01,,True
108,SAO GABRIEL DO OESTE,SPRF-MS,2026-01-01,,True
109,JEQUIE,SPRF-BA,2026-01-01,,True
110,BETIM,SPRF-MG,2026-01-01,,True
111,CURITIBA,SPRF-PR,2026-01-01,,True
112,CEU AZUL,SPRF-PR,2026-01-01,,True
113,SAO GONCALO,SPRF-RJ,2026-01-01,,True
114,PARNAMIRIM,SPRF-RN,2026-01-01,2026-06-26,False
115,JUATUBA,SPRF-MG,2026-01-01,,True
116,CAMPOS NOVOS PAULISTA,SPRF-SP,2026-01-01,,True
117,JOINVILLE,SPRF-SC,2026-01-01,,True
118,SAO SEBASTIAO,SPRF-AL,2026-01-01,,True
119,CAMPO VERDE,SPRF-MT,2026-01-01,,True
120,PEDRA PRETA,SPRF-MT,2026-01-01,,True
121,FEIRA DE SANTANA,SPRF-BA,2026-01-01,,True
122,ARAUCARIA,SPRF-PR,2026-01-01,,True
123,CAMAQUA,SPRF-RS,2026-01-01,,True
124,ERECHIM,SPRF-RS,2026-01-01,,True
125,PORTO SEGURO,SPRF-BA,2026-01-01,,True
126,VALPARAISO DE GOIAS,SPRF-DF,2026-01-01,,True
127,NOVA UNIAO,SPRF-MG,2026-01-01,,True
128,COXIM,SPRF-MS,2026-01-01,,True
129,PRESIDENTE KENNEDY,SPRF-TO,2026-01-01,,True
130,NOVA LARANJEIRAS,SPRF-PR,2026-01-01,,True
131,GUARATINGUETA,SPRF-SP,2026-01-01,,True
132,RONDON DO PARA,SPRF-PA,2026-01-01,,True
133,DOM EXPEDITO LOPES,SPRF-PI,2026-01-01,,True
134,VERANOPOLIS,SPRF-RS,2026-01-01,,True
135,RECIFE,SPRF-PE,2026-01-01,,True
136,SENADOR ELOI DE SOUZA,SPRF-RN,2026-01-01,,True
137,CASIMIRO DE ABREU,SPRF-RJ,2026-01-01,,True
138,FORMOSA,SPRF-DF,2026-01-01,,True
139,PASSO FUNDO,SPRF-RS,2026-01-01,,True
140,PARANAGUA,SPRF-PR,2026-01-01,,True
141,SARANDI,SPRF-RS,2026-01-01,2026-06-26,False
142,EUNAPOLIS,SPRF-BA,2026-01-01,,True
143,SAO BENTO DO SUL,SPRF-SC,2026-01-01,,True
144,CAJATI,SPRF-SP,2026-01-01,,True
145,IBATIBA,SPRF-ES,2026-01-01,,True
146,ATILIO VIVACQUA,SPRF-ES,2026-01-01,,True
147,RIO NOVO DO SUL,SPRF-ES,2026-01-01,,True
148,GENERAL CARNEIRO,SPRF-MT,2026-01-01,2026-06-26,False
149,NOSSA SENHORA DO SOCORRO,SPRF-SE,2026-01-01,,True
150,ORTIGUEIRA,SPRF-PR,2026-01-01,,True
151,CAUCAIA,SPRF-CE,2026-01-01,,True
152,CAMPOS DOS GOYTACAZES,SPRF-RJ,2026-01-01,,True
153,PARNAIBA,SPRF-PI,2026-01-01,,True
154,REDUTO,SPRF-MG,2026-01-01,,True
155,COLINAS DO TOCANTINS,SPRF-TO,2026-01-01,,True
156,CAMPO MOURAO,SPRF-PR,2026-01-01,,True
157,IRANI,SPRF-SC,2026-01-01,,True
158,CORUMBA DE GOIAS,SPRF-GO,2026-01-01,,True
159,ARAGUARI,SPRF-MG,2026-01-01,,True
160,LEOPOLDINA,SPRF-MG,2026-01-01,,True
161,MIRACATU,SPRF-SP,2026-01-01,,True
162,POUSO ALTO,SPRF-MG,2026-01-01,,True
163,CANDEIAS DO JAMARI,SPRF-RO,2026-01-01,,True
164,MONSENHOR GIL,SPRF-PI,2026-01-01,,True
165,PARACATU,SPRF-MG,2026-01-01,,True
166,CANAPOLIS,SPRF-MG,2026-01-01,,True
167,VARZEA GRANDE,SPRF-MT,2026-01-01,,True
168,SAO LUIZ DO NORTE,SPRF-GO,2026-01-01,,True
169,ITAGUARA,SPRF-MG,2026-01-01,,True
170,SALVADOR,SPRF-BA,2026-01-01,,True
171,CARAPEBUS,SPRF-RJ,2026-01-01,,True
172,RIO BONITO,SPRF-RJ,2026-01-01,,True
173,PORANGATU,SPRF-GO,2026-01-01,,True
174,NATAL,SPRF-RN,2026-01-01,,True
175,RESSAQUINHA,SPRF-MG,2026-01-01,,True
176,TIJUCAS,SPRF-SC,2026-01-01,,True
177,CASCAVEL,SPRF-PR,2026-01-01,2026-06-26,False
178,CACHOEIRINHA,SPRF-PE,2026-01-01,2026-06-26,False
179,LAPA,SPRF-PR,2026-01-01,,True
180,EMBU DAS ARTES,SPRF-SP,2026-01-01,,True
181,VENTANIA,SPRF-PR,2026-01-01,,True
182,ANCHIETA,SPRF-ES,2026-01-01,,True
183,SAO JOSE DO HERVAL,SPRF-RS,2026-01-01,,True
184,JACAREZINHO,SPRF-PR,2026-01-01,,True
185,DOM ELISEU,SPRF-PA,2026-01-01,,True
186,PALMEIRAS DO TOCANTINS,SPRF-TO,2026-01-01,,True
187,MARINGA,SPRF-PR,2026-01-01,,True
188,UBIRATA,SPRF-PR,2026-01-01,,True
189,PALMEIRA,SPRF-PR,2026-01-01,,True
190,SOORETAMA,SPRF-ES,2026-01-01,,True
191,QUIJINGUE,SPRF-BA,2026-01-01,,True
192,CATOLANDIA,SPRF-BA,2026-01-01,,True
193,MUNDO NOVO,SPRF-MS,2026-01-01,,True
194,CRISTINAPOLIS,SPRF-SE,2026-01-01,,True
195,SANTA CECILIA,SPRF-SC,2026-01-01,,True
196,ESPLANADA,SPRF-SE,2026-01-01,,True
197,MATIAS BARBOSA,SPRF-MG,2026-01-01,,True
198,JACIARA,SPRF-MT,2026-01-01,,True
199,VITORIA DO MEARIM,SPRF-MA,2026-01-01,,True
200,GARIBALDI,SPRF-RS,2026-01-01,,True
201,CACEQUI,SPRF-RS,2026-01-01,,True
202,MAGE,SPRF-RJ,2026-01-01,,True
203,JARU,SPRF-RO,2026-01-01,,True
204,MUITOS CAPOES,SPRF-RS,2026-01-01,,True
205,CALIFORNIA,SPRF-PR,2026-01-01,,True
206,SAPUCAIA,SPRF-RJ,2026-01-01,,True
207,PETROPOLIS,SPRF-RJ,2026-01-01,,True
208,CARIACICA,SPRF-ES,2026-01-01,,True
209,BELEM DE SAO FRANCISCO,SPRF-PE,2026-01-01,,True
210,TIMON,SPRF-MA,2026-01-01,,True
211,ITAGIMIRIM,SPRF-BA,2026-01-01,,True
212,RODEIO,SPRF-SC,2026-01-01,,True
213,POCOES,SPRF-BA,2026-01-01,,True
214,PAUDALHO,SPRF-PE,2026-01-01,,True
215,MUCURI,SPRF-BA,2026-01-01,,True
216,BARBACENA,SPRF-MG,2026-01-01,,True
217,RIO BRANCO,SPRF-AC,2026-01-01,,True
218,UBERABA,SPRF-MG,2026-01-01,,True
219,ENTRE RIOS,SPRF-BA,2026-01-01,,True
220,BALNEARIO CAMBORIU,SPRF-SC,2026-01-01,,True
221,SAO JOAO DE MERITI,SPRF-RJ,2026-01-01,,True
222,BOA NOVA,SPRF-BA,2026-01-01,,True
223,SATUBA,SPRF-AL,2026-01-01,,True
224,CUIABA,SPRF-MT,2026-01-01,,True
225,CACOAL,SPRF-RO,2026-01-01,,True
226,TEODORO SAMPAIO,SPRF-BA,2026-01-01,,True
227,CARMO DA CACHOEIRA,SPRF-MG,2026-01-01,,True
228,SANTA ISABEL,SPRF-SP,2026-01-01,,True
229,GUARATUBA,SPRF-PR,2026-01-01,,True
230,PARAIBA DO SUL,SPRF-RJ,2026-01-01,,True
231,UBERLANDIA,SPRF-MG,2026-01-01,,True
232,SETE LAGOAS,SPRF-MG,2026-01-01,,True
233,ARACRUZ,SPRF-ES,2026-01-01,,True
234,AURELINO LEAL,SPRF-BA,2026-01-01,,True
235,FRUTAL,SPRF-MG,2026-01-01,,True
236,BARAO DE GRAJAU,SPRF-PI,2026-01-01,,True
237,POSSE,SPRF-DF,2026-01-01,,True
238,CATANDUVAS,SPRF-SC,2026-01-01,2026-06-26,False
239,CARAVELAS,SPRF-BA,2026-01-01,,True
240,OURICURI,SPRF-PE,2026-01-01,,True
241,NOVO PROGRESSO,SPRF-MT,2026-01-01,2026-06-26,False
242,ILHOTA,SPRF-SC,2026-01-01,,True
243,COLATINA,SPRF-ES,2026-01-01,,True
244,BLUMENAU,SPRF-SC,2026-01-01,,True
245,ALAGOINHAS,SPRF-BA,2026-01-01,,True
246,ATIBAIA,SPRF-SP,2026-01-01,,True
247,PIRACANJUBA,SPRF-GO,2026-01-01,,True
248,PENHA,SPRF-SC,2026-01-01,,True
249,ITAPISSUMA,SPRF-PE,2026-01-01,,True
250,SAO LOURENCO DO SUL,SPRF-RS,2026-01-01,,True
251,TEREZOPOLIS DE GOIAS,SPRF-GO,2026-01-01,,True
252,ALTO PARAISO,SPRF-RO,2026-01-01,,True
253,BREJO SANTO,SPRF-CE,2026-01-01,,True
254,NOVA ITABERABA,SPRF-SC,2026-01-01,,True
255,ELDORADO DO SUL,SPRF-RS,2026-01-01,,True
256,CAMPO REDONDO,SPRF-RN,2026-01-01,,True
257,URUGUAIANA,SPRF-RS,2026-01-01,,True
258,APUCARANA,SPRF-PR,2026-01-01,,True
259,RIBEIRAO,SPRF-PE,2026-01-01,,True
260,GOIANIA,SPRF-GO,2026-01-01,2026-06-26,False
261,GRAJAU,SPRF-MA,2026-01-01,,True
262,ITABELA,SPRF-BA,2026-01-01,,True
263,SOBRAL,SPRF-CE,2026-01-01,,True
264,PORTO ALEGRE,SPRF-RS,2026-01-01,,True
265,WENCESLAU GUIMARAES,SPRF-BA,2026-01-01,,True
266,BURITIZEIRO,SPRF-MG,2026-01-01,,True
267,APIUNA,SPRF-SC,2026-01-01,,True
268,SAO BORJA,SPRF-RS,2026-01-01,,True
269,SAO JOAO DA VARJOTA,SPRF-PI,2026-01-01,,True
270,TIJUCAS DO SUL,SPRF-PR,2026-01-01,,True
271,MARACAJA,SPRF-SC,2026-01-01,,True
272,SANTA CRUZ DO SUL,SPRF-RS,2026-01-01,,True
273,NOVA GRANADA,SPRF-SP,2026-01-01,,True
274,SAO RAIMUNDO DAS MANGABEIRAS,SPRF-MA,2026-01-01,,True
275,XAPURI,SPRF-AC,2026-01-01,,True
276,SAUDADES,SPRF-SC,2026-01-01,,True
277,AMARANTE,SPRF-PI,2026-01-01,,True
278,GRAO MOGOL,SPRF-MG,2026-01-01,,True
279,SENHOR DO BONFIM,SPRF-BA,2026-01-01,,True
280,COMODORO,SPRF-MT,2026-01-01,2026-06-26,False
281,GOVERNADOR VALADARES,SPRF-MG,2026-01-01,,True
282,CACAPAVA,SPRF-SP,2026-01-01,,True
283,ALFREDO WAGNER,SPRF-SC,2026-01-01,,True
284,ITAPERUNA,SPRF-RJ,2026-01-01,,True
285,PALHANO,SPRF-CE,2026-01-01,,True
286,SANTOS DUMONT,SPRF-MG,2026-01-01,,True
287,PARACAMBI,SPRF-RJ,2026-01-01,,True
288,SANTA MARIA,SPRF-RS,2026-01-01,2026-06-26,False
289,GUARULHOS,SPRF-SP,2026-01-01,,True
290,SOLEDADE,SPRF-PB,2026-01-01,2026-06-26,False
291,SAO JOSE DOS PINHAIS,SPRF-PR,2026-01-01,,True
292,ARAXA,SPRF-MG,2026-01-01,,True
293,CAPIM GROSSO,SPRF-BA,2026-01-01,,True
294,PILAR,SPRF-AL,2026-01-01,,True
295,BRUMADINHO,SPRF-MG,2026-01-01,,True
296,IBAITI,SPRF-PR,2026-01-01,,True
297,SAO DESIDERIO,SPRF-BA,2026-01-01,,True
298,BANDEIRANTES,SPRF-MS,2026-01-01,2026-06-26,False
299,SANTO AMARO DA IMPERATRIZ,SPRF-SC,2026-01-01,,True
300,PIMENTA BUENO,SPRF-RO,2026-01-01,,True
301,PICADA CAFE,SPRF-RS,2026-01-01,,True
302,LUZ,SPRF-MG,2026-01-01,,True
303,TEOFILO OTONI,SPRF-MG,2026-01-01,,True
304,DUQUE DE CAXIAS,SPRF-RJ,2026-01-01,,True
305,BOA VISTA DAS MISSOES,SPRF-RS,2026-01-01,,True
306,MINEIROS,SPRF-GO,2026-01-01,,True
307,JEREMOABO,SPRF-BA,2026-01-01,2026-06-26,False
308,MESSIAS,SPRF-AL,2026-01-01,,True
309,SABARA,SPRF-MG,2026-01-01,,True
310,GUARAPUAVA,SPRF-PR,2026-01-01,,True
311,ITAPEMA,SPRF-SC,2026-01-01,,True
312,JAGUARACU,SPRF-MG,2026-01-01,,True
313,CURITIBANOS,SPRF-SC,2026-01-01,,True
314,TERESINA,SPRF-PI,2026-01-01,,True
315,ITAPAJE,SPRF-CE,2026-01-01,,True
316,PARAMBU,SPRF-CE,2026-01-01,,True
317,ITAJA,SPRF-RN,2026-01-01,,True
318,SANTO ANTONIO DO SUDOESTE,SPRF-PR,2026-01-01,,True
319,ITAMARAJU,SPRF-BA,2026-01-01,,True
320,BREJOES,SPRF-BA,2026-01-01,,True
321,POUSO ALEGRE,SPRF-MG,2026-01-01,,True
322,BONFIM,SPRF-RR,2026-01-01,,True
323,NOVA GLORIA,SPRF-GO,2026-01-01,,True
324,BALSA NOVA,SPRF-PR,2026-01-01,,True
325,BOM JESUS DO AMPARO,SPRF-MG,2026-01-01,,True
326,RESENDE,SPRF-RJ,2026-01-01,,True
327,ARACI,SPRF-BA,2026-01-01,,True
328,PIRIPIRI,SPRF-PI,2026-01-01,,True
329,LAVRINHAS,SPRF-SP,2026-01-01,,True
330,NOVA MUTUM,SPRF-MT,2026-01-01,,True
331,ARAPORA,SPRF-MG,2026-01-01,,True
332,ALIANCA,SPRF-PE,2026-01-01,,True
333,ELDORADO,SPRF-MS,2026-01-01,,True
334,SINOP,SPRF-MT,2026-01-01,,True
335,MAFRA,SPRF-SC,2026-01-01,,True
336,NAVIRAI,SPRF-MS,2026-01-01,,True
337,DOMINGOS MARTINS,SPRF-ES,2026-01-01,,True
338,GOIANAPOLIS,SPRF-GO,2026-01-01,,True
339,MOSSORO,SPRF-RN,2026-01-01,,True
340,PIRAI,SPRF-RJ,2026-01-01,,True
341,SAO FRANCISCO DO OESTE,SPRF-RN,2026-01-01,,True
342,CAMPOS DE JULIO,SPRF-MT,2026-01-01,,True
343,CAPELA,SPRF-SE,2026-01-01,,True
344,TIBAGI,SPRF-PR,2026-01-01,,True
345,QUEIMADAS,SPRF-PB,2026-01-01,,True
346,PEDRA AZUL,SPRF-MG,2026-01-01,,True
347,GASPAR,SPRF-SC,2026-01-01,,True
348,SANTO ANTONIO DE JESUS,SPRF-BA,2026-01-01,,True
349,SAO GONCALO DO AMARANTE,SPRF-CE,2026-01-01,2026-06-26,False
350,UMIRIM,SPRF-CE,2026-01-01,,True
351,SANTA LUCIA,SPRF-PR,2026-01-01,,True
352,BELFORD ROXO,SPRF-RJ,2026-01-01,,True
353,NOVA LIMA,SPRF-MG,2026-01-01,,True
354,MANHUACU,SPRF-MG,2026-01-01,,True
355,PRUDENTOPOLIS,SPRF-PR,2026-01-01,,True
356,XANXERE,SPRF-SC,2026-01-01,,True
357,TUBARAO,SPRF-SC,2026-01-01,,True
358,CARAI,SPRF-MG,2026-01-01,,True
359,TUNTUM,SPRF-MA,2026-01-01,,True
360,PACAJUS,SPRF-CE,2026-01-01,,True
361,CACERES,SPRF-MT,2026-01-01,,True
362,IMPERATRIZ,SPRF-MA,2026-01-01,,True
363,JOAO PINHEIRO,SPRF-MG,2026-01-01,,True
364,AMELIA RODRIGUES,SPRF-BA,2026-01-01,,True
365,ITUMBIARA,SPRF-GO,2026-01-01,,True
366,MORRETES,SPRF-PR,2026-01-01,,True
367,RIO PARDO,SPRF-RS,2026-01-01,,True
368,PIRAQUARA,SPRF-PR,2026-01-01,,True
369,QUATIS,SPRF-RJ,2026-01-01,,True
370,SAO GONCALO DO AMARANTE,SPRF-RN,2026-01-01,,True
371,SEROPEDICA,SPRF-RJ,2026-01-01,,True
372,PORTO UNIAO,SPRF-SC,2026-01-01,,True
373,CACHOEIRA DO SUL,SPRF-RS,2026-01-01,,True
374,PAULO LOPES,SPRF-SC,2026-01-01,,True
375,IPOJUCA,SPRF-PE,2026-01-01,,True
376,ITAPECERICA DA SERRA,SPRF-SP,2026-01-01,,True
377,INDAIAL,SPRF-SC,2026-01-01,,True
378,FAZENDA RIO GRANDE,SPRF-PR,2026-01-01,,True
379,AFRANIO,SPRF-PE,2026-01-01,,True
380,IBIA,SPRF-MG,2026-01-01,,True
381,GUARANTA DO NORTE,SPRF-MT,2026-01-01,,True
382,SAO CRISTOVAO DO SUL,SPRF-SC,2026-01-01,,True
383,PEIXE,SPRF-TO,2026-01-01,,True
384,BADY BASSITT,SPRF-SP,2026-01-01,,True
385,MURIAE,SPRF-MG,2026-01-01,,True
386,TEIXEIRA SOARES,SPRF-PR,2026-01-01,,True
387,BATAGUASSU,SPRF-MS,2026-01-01,,True
388,IRINEOPOLIS,SPRF-SC,2026-01-01,,True
389,JOAO MONLEVADE,SPRF-MG,2026-01-01,,True
390,SANTA RITA DO TOCANTINS,SPRF-TO,2026-01-01,,True
391,SAO LEOPOLDO,SPRF-RS,2026-01-01,,True
392,CAMBE,SPRF-PR,2026-01-01,,True
393,SANTA TEREZA DO OESTE,SPRF-PR,2026-01-01,,True
394,APARECIDA,SPRF-SP,2026-01-01,,True
395,PAULO AFONSO,SPRF-BA,2026-01-01,,True
396,BAYEUX,SPRF-PB,2026-01-01,,True
397,CAMPINA GRANDE,SPRF-PB,2026-01-01,,True
398,PETROLINA,SPRF-PE,2026-01-01,,True
399,LAJEDO,SPRF-PE,2026-01-01,,True
400,ARCOVERDE,SPRF-PE,2026-01-01,,True
401,DELTA,SPRF-MG,2026-01-01,,True
402,SAO GONCALO DO ABAETE,SPRF-MG,2026-01-01,,True
403,CAMPINORTE,SPRF-GO,2026-01-01,,True
404,TEIXEIRA DE FREITAS,SPRF-BA,2026-01-01,,True
405,JEQUIA DA PRAIA,SPRF-AL,2026-01-01,,True
406,ITABAIANA,SPRF-SE,2026-01-01,,True
407,CAPITAO DE CAMPOS,SPRF-PI,2026-01-01,,True
408,CABEDELO,SPRF-PB,2026-01-01,,True
409,GUARAI,SPRF-TO,2026-01-01,,True
410,CAETE,SPRF-MG,2026-01-01,,True
411,ARIQUEMES,SPRF-RO,2026-01-01,,True
412,LOANDA,SPRF-PR,2026-01-01,,True
413,SIMOES FILHO,SPRF-BA,2026-01-01,,True
414,INHAMBUPE,SPRF-BA,2026-01-01,,True
415,PARANAVAI,SPRF-PR,2026-01-01,,True
416,INDIANOPOLIS,SPRF-MG,2026-01-01,,True
417,MACAE,SPRF-RJ,2026-01-01,,True
418,ITAMBACURI,SPRF-MG,2026-01-01,,True
419,PRATA,SPRF-MG,2026-01-01,,True
420,TIANGUA,SPRF-CE,2026-01-01,,True
421,TRAIRAO,SPRF-PA,2026-01-01,,True
422,NOVA OLINDA DO MARANHAO,SPRF-MA,2026-01-01,,True
423,IBIRAMA,SPRF-SC,2026-01-01,,True
424,ALTAMIRA,SPRF-PA,2026-01-01,2026-06-26,False
425,CABROBO,SPRF-PE,2026-01-01,,True
426,RIO LARGO,SPRF-AL,2026-01-01,,True
427,VOLTA REDONDA,SPRF-RJ,2026-01-01,,True
428,CACHOEIRA ALTA,SPRF-GO,2026-01-01,,True
429,RIO DOS BOIS,SPRF-TO,2026-01-01,,True
430,MANAUS,SPRF-AM,2026-01-01,,True
431,PARAGOMINAS,SPRF-PA,2026-01-01,,True
432,PARIQUERA-ACU,SPRF-SP,2026-01-01,,True
433,SERRA,SPRF-ES,2026-01-01,,True
434,PAULA FREITAS,SPRF-PR,2026-01-01,,True
435,SELVIRIA,SPRF-MS,2026-01-01,,True
436,DOM CAVATI,SPRF-MG,2026-01-01,,True
437,GLORINHA,SPRF-RS,2026-01-01,,True
438,POCINHOS,SPRF-PB,2026-01-01,,True
439,LARANJEIRAS,SPRF-SE,2026-01-01,,True
440,BRAGANCA PAULISTA,SPRF-SP,2026-01-01,,True
441,IRACEMINHA,SPRF-SC,2026-01-01,,True
442,CAICARA DO RIO DO VENTO,SPRF-RN,2026-01-01,,True
443,SILVA JARDIM,SPRF-RJ,2026-01-01,,True
444,PIRAPORA,SPRF-MG,2026-01-01,,True
445,ALEXANIA,SPRF-DF,2026-01-01,2026-06-26,False
446,NOVA ERA,SPRF-MG,2026-01-01,,True
447,ROSARIO OESTE,SPRF-MT,2026-01-01,,True
448,BACABEIRA,SPRF-MA,2026-01-01,,True
449,RIO DO SUL,SPRF-SC,2026-01-01,,True
450,TAIPU,SPRF-RN,2026-01-01,,True
451,PESQUEIRA,SPRF-PE,2026-01-01,,True
452,MESQUITA,SPRF-RJ,2026-01-01,,True
453,BOA VIAGEM,SPRF-CE,2026-01-01,,True
454,JOACABA,SPRF-SC,2026-01-01,,True
455,FLEXEIRAS,SPRF-AL,2026-01-01,,True
456,MATHIAS LOBATO,SPRF-MG,2026-01-01,,True
457,ALVORADA DO NORTE,SPRF-DF,2026-01-01,,True
458,BARRA DO GARCAS,SPRF-MT,2026-01-01,,True
459,IVINHEMA,SPRF-MS,2026-01-01,,True
460,MATOES DO NORTE,SPRF-MA,2026-01-01,,True
461,COREAU,SPRF-CE,2026-01-01,,True
462,CORRENTINA,SPRF-BA,2026-01-01,,True
463,JATAI,SPRF-GO,2026-01-01,,True
464,PARNAMIRIM,SPRF-PE,2026-01-01,,True
465,PATROCINIO,SPRF-MG,2026-01-01,,True
466,CONCORDIA,SPRF-SC,2026-01-01,,True
467,SANTA MARIA DO PARA,SPRF-PA,2026-01-01,,True
468,XAMBIOA,SPRF-TO,2026-01-01,,True
469,SIMOLANDIA,SPRF-DF,2026-01-01,,True
470,PINDARE-MIRIM,SPRF-MA,2026-01-01,,True
471,IRAJUBA,SPRF-BA,2026-01-01,,True
472,LAJEDINHO,SPRF-BA,2026-01-01,,True
473,PORTO VITORIA,SPRF-PR,2026-01-01,,True
474,SAO MIGUEL DO OESTE,SPRF-SC,2026-01-01,,True
475,UBAITABA,SPRF-BA,2026-01-01,,True
476,JANGADA,SPRF-MT,2026-01-01,,True
477,GUARAMIRIM,SPRF-SC,2026-01-01,,True
478,ELDORADO DO CARAJAS,SPRF-PA,2026-01-01,,True
479,VIANA,SPRF-ES,2026-01-01,,True
480,ALIANCA DO TOCANTINS,SPRF-TO,2026-01-01,,True
481,VARGEM BONITA,SPRF-SC,2026-01-01,,True
482,SANTA TERESINHA,SPRF-BA,2026-01-01,2026-06-26,False
483,FORTALEZA DO TABOCAO,SPRF-TO,2026-01-01,,True
484,TERRA ROXA,SPRF-PR,2026-01-01,,True
485,MONTE ALEGRE DE MINAS,SPRF-MG,2026-01-01,,True
486,CORUMBA,SPRF-MS,2026-01-01,,True
487,CAXIAS,SPRF-MA,2026-01-01,,True
488,SAO FRANCISCO DO SUL,SPRF-SC,2026-01-01,,True
489,JACAREI,SPRF-SP,2026-01-01,,True
490,GARUVA,SPRF-SC,2026-01-01,,True
491,VARJAO DE MINAS,SPRF-MG,2026-01-01,,True
492,GRAVATA,SPRF-PE,2026-01-01,,True
493,GOVERNADOR MANGABEIRA,SPRF-BA,2026-01-01,,True
494,NOVA TIMBOTEUA,SPRF-PA,2026-01-01,,True
495,MANDIRITUBA,SPRF-PR,2026-01-01,,True
496,AGUAS MORNAS,SPRF-SC,2026-01-01,,True
497,CAPANEMA,SPRF-PA,2026-01-01,2026-06-26,False
498,TEOFILANDIA,SPRF-BA,2026-01-01,,True
499,PERDOES,SPRF-MG,2026-01-01,,True
500,SAO SEPE,SPRF-RS,2026-01-01,,True
501,CRISTIANO OTONI,SPRF-MG,2026-01-01,,True
502,FUNDAO,SPRF-ES,2026-01-01,,True
503,COCALZINHO DE GOIAS,SPRF-DF,2026-01-01,2026-06-26,False
504,JUTI,SPRF-MS,2026-01-01,,True
505,ARACAJU,SPRF-SE,2026-01-01,,True
506,PEDRO LEOPOLDO,SPRF-MG,2026-01-01,,True
507,JI-PARANA,SPRF-RO,2026-01-01,,True
508,EPITACIOLANDIA,SPRF-AC,2026-01-01,,True
509,GRAVATAI,SPRF-RS,2026-01-01,,True
510,SAO CRISTOVAO,SPRF-SE,2026-01-01,,True
511,TRES RIOS,SPRF-RJ,2026-01-01,,True
512,ICO,SPRF-CE,2026-01-01,,True
513,MORENO,SPRF-PE,2026-01-01,,True
514,LONDRINA,SPRF-PR,2026-01-01,,True
515,TAUBATE,SPRF-SP,2026-01-01,,True
516,BALNEARIO PICARRAS,SPRF-SC,2026-01-01,,True
517,CAMPO ALEGRE DE GOIAS,SPRF-GO,2026-01-01,,True
518,POMBOS,SPRF-PE,2026-01-01,,True
519,SAO MIGUEL DO IGUACU,SPRF-PR,2026-01-01,,True
520,GOIANINHA,SPRF-RN,2026-01-01,,True
521,SANTA IZABEL DO PARA,SPRF-PA,2026-01-01,,True
522,RIO VERDE,SPRF-DF,2026-01-01,,True
523,TERENOS,SPRF-MS,2026-01-01,,True
524,PONTE SERRADA,SPRF-SC,2026-01-01,,True
525,VITORIA DA CONQUISTA,SPRF-BA,2026-01-01,2026-06-26,False
526,JEQUITAI,SPRF-MG,2026-01-01,,True
527,CAMBORIU,SPRF-SC,2026-01-01,,True
528,CORNELIO PROCOPIO,SPRF-PR,2026-01-01,,True
529,TAPES,SPRF-RS,2026-01-01,,True
530,CAMPO BONITO,SPRF-PR,2026-01-01,,True
531,SANTA LUZIA,SPRF-MA,2026-01-01,2026-06-26,False
532,SANTANA DA BOA VISTA,SPRF-RS,2026-01-01,,True
533,RIO DE JANEIRO,SPRF-RJ,2026-01-01,2026-06-26,False
534,MARIALVA,SPRF-PR,2026-01-01,,True
535,SARANDI,SPRF-PR,2026-01-01,,True
536,BOM JESUS DE GOIAS,SPRF-GO,2026-01-01,,True
537,COMENDADOR GOMES,SPRF-MG,2026-01-01,,True
538,RIACHAO,SPRF-MA,2026-01-01,,True
539,IGARAPE,SPRF-MG,2026-01-01,,True
540,RAFAEL JAMBEIRO,SPRF-BA,2026-01-01,,True
541,UNIAO DA VITORIA,SPRF-PR,2026-01-01,,True
542,ACAUA,SPRF-PI,2026-01-01,,True
543,NOVA SANTA RITA,SPRF-RS,2026-01-01,,True
544,ITAPE,SPRF-BA,2026-01-01,,True
545,HORIZONTE,SPRF-CE,2026-01-01,,True
546,SALINAS,SPRF-MG,2026-01-01,,True
547,PONTES E LACERDA,SPRF-MT,2026-01-01,,True
548,POUSO REDONDO,SPRF-SC,2026-01-01,,True
549,MIRANORTE,SPRF-TO,2026-01-01,,True
550,MIRADOURO,SPRF-MG,2026-01-01,,True
551,SONORA,SPRF-MS,2026-01-01,,True
552,ALTO ALEGRE DO MARANHAO,SPRF-MA,2026-01-01,,True
553,RIO GRANDE,SPRF-RS,2026-01-01,,True
554,AGUAS LINDAS DE GOIAS,SPRF-DF,2026-01-01,,True
555,ITAPEMIRIM,SPRF-ES,2026-01-01,,True
556,PROFESSOR JAMIL,SPRF-GO,2026-01-01,,True
557,ACREUNA,SPRF-GO,2026-01-01,,True
558,MARILIA,SPRF-SP,2026-01-01,,True
559,ALMIRANTE TAMANDARE DO SUL,SPRF-RS,2026-01-01,,True
560,IGARAPE DO MEIO,SPRF-MA,2026-01-01,,True
561,ESTANCIA,SPRF-SE,2026-01-01,,True
562,JOAQUIM GOMES,SPRF-AL,2026-01-01,,True
563,PONTA PORA,SPRF-MS,2026-01-01,,True
564,PARA DE MINAS,SPRF-MG,2026-01-01,,True
565,IPIXUNA DO PARA,SPRF-PA,2026-01-01,,True
566,GUAIBA,SPRF-RS,2026-01-01,,True
567,NIQUELANDIA,SPRF-GO,2026-01-01,,True
568,NOVA SERRANA,SPRF-MG,2026-01-01,,True
569,FREDERICO WESTPHALEN,SPRF-RS,2026-01-01,,True
570,UBAPORANGA,SPRF-MG,2026-01-01,,True
571,CAPAO ALTO,SPRF-SC,2026-01-01,,True
572,JABOATAO DOS GUARARAPES,SPRF-PE,2026-01-01,,True
573,GOVERNADOR CELSO RAMOS,SPRF-SC,2026-01-01,,True
574,ALEGRETE,SPRF-RS,2026-01-01,,True
575,GAROPABA,SPRF-SC,2026-01-01,,True
576,SANTO ANTONIO DAS MISSOES,SPRF-RS,2026-01-01,,True
577,EUCLIDES DA CUNHA,SPRF-BA,2026-01-01,,True
578,NITEROI,SPRF-RJ,2026-01-01,,True
579,ITAGUAI,SPRF-RJ,2026-01-01,,True
580,CAXIAS DO SUL,SPRF-RS,2026-01-01,,True
581,CUMARI,SPRF-GO,2026-01-01,,True
582,PIQUETE,SPRF-SP,2026-01-01,,True
583,TRES MARIAS,SPRF-MG,2026-01-01,,True
584,SANTA BARBARA DO LESTE,SPRF-MG,2026-01-01,,True
585,CONQUISTA DOESTE,SPRF-MT,2026-01-01,,True
586,SORRISO,SPRF-MT,2026-01-01,,True
587,BRASIL NOVO,SPRF-PA,2026-01-01,,True
588,PRADO,SPRF-BA,2026-01-01,,True
589,TRIUNFO,SPRF-RS,2026-01-01,,True
590,SERTANOPOLIS,SPRF-PR,2026-01-01,,True
591,SANTA VITORIA,SPRF-MG,2026-01-01,,True
592,SAO FRANCISCO DO GLORIA,SPRF-MG,2026-01-01,,True
593,TOLEDO,SPRF-PR,2026-01-01,,True
594,ITATIAIUCU,SPRF-MG,2026-01-01,,True
595,PORTO VELHO,SPRF-RO,2026-01-01,,True
596,GENERAL CARNEIRO,SPRF-PR,2026-01-01,,True
597,DOM AQUINO,SPRF-MT,2026-01-01,,True
598,RIALMA,SPRF-GO,2026-01-01,,True
599,ITABERABA,SPRF-BA,2026-01-01,,True
600,CONTAGEM,SPRF-MG,2026-01-01,,True
601,SANTA RITA,SPRF-MA,2026-01-01,2026-06-26,False
602,SERTANIA,SPRF-PE,2026-01-01,,True
603,ITAUBA,SPRF-MT,2026-01-01,,True
604,ITUIUTABA,SPRF-MG,2026-01-01,,True
605,ESCADA,SPRF-PE,2026-01-01,,True
606,SAO JOAO DA BARRA,SPRF-RJ,2026-01-01,,True
607,GUIMARANIA,SPRF-MG,2026-01-01,,True
608,BOM JARDIM,SPRF-MA,2026-01-01,,True
609,NOBRES,SPRF-MT,2026-01-01,,True
610,ITAITUBA,SPRF-PA,2026-01-01,,True
611,CANDEIAS,SPRF-BA,2026-01-01,,True
612,CRISTINO CASTRO,SPRF-PI,2026-01-01,,True
613,SAPUCAIA DO SUL,SPRF-RS,2026-01-01,,True
614,LAGES,SPRF-SC,2026-01-01,,True
615,CONCEICAO DO JACUIPE,SPRF-BA,2026-01-01,,True
616,MEDINA,SPRF-MG,2026-01-01,,True
617,ITAMONTE,SPRF-MG,2026-01-01,,True
618,SAO LUIS,SPRF-MA,2026-01-01,,True
619,RIACHUELO,SPRF-RN,2026-01-01,,True
620,CAREACU,SPRF-MG,2026-01-01,,True
621,VILA PROPICIO,SPRF-GO,2026-01-01,,True
622,SAO VICENTE DO SUL,SPRF-RS,2026-01-01,,True
623,SANTA MARIANA,SPRF-PR,2026-01-01,,True
624,CANOAS,SPRF-RS,2026-01-01,,True
625,AGRESTINA,SPRF-PE,2026-01-01,,True
626,SAO CAITANO,SPRF-PE,2026-01-01,,True
627,FELIXLANDIA,SPRF-MG,2026-01-01,,True
628,ARUJA,SPRF-SP,2026-01-01,,True
629,CANDOI,SPRF-PR,2026-01-01,,True
630,PARAISO DO TOCANTINS,SPRF-TO,2026-01-01,,True
631,CAMPESTRE DA SERRA,SPRF-RS,2026-01-01,,True
632,SANTO ANTONIO DA PLATINA,SPRF-PR,2026-01-01,,True
633,UMBAUBA,SPRF-SE,2026-01-01,,True
634,RIO MARIA,SPRF-PA,2026-01-01,,True
635,CANARANA,SPRF-MT,2026-01-01,,True
636,BARRA VELHA,SPRF-SC,2026-01-01,,True
637,ITABUNA,SPRF-BA,2026-01-01,,True
638,FRUTA DE LEITE,SPRF-MG,2026-01-01,,True
639,PRESIDENTE MEDICI,SPRF-RO,2026-01-01,,True
640,SANTA RITA DE MINAS,SPRF-MG,2026-01-01,,True
641,SAO LOURENCO DA SERRA,SPRF-SP,2026-01-01,,True
642,OLIVEIRA DOS BREJINHOS,SPRF-BA,2026-01-01,,True
643,PERDIZES,SPRF-MG,2026-01-01,,True
644,EXTREMA,SPRF-MG,2026-01-01,,True
645,SAO PEDRO DA CIPA,SPRF-MT,2026-01-01,,True
646,MIMOSO DO SUL,SPRF-ES,2026-01-01,,True
647,QUATRO BARRAS,SPRF-PR,2026-01-01,,True
648,HIDROLANDIA,SPRF-GO,2026-01-01,,True
649,CONCEICAO DA BARRA,SPRF-ES,2026-01-01,,True
650,SAO GONCALO DO SAPUCAI,SPRF-MG,2026-01-01,,True
651,ENTRE-IJUIS,SPRF-RS,2026-01-01,,True
652,VILA NOVA DO SUL,SPRF-RS,2026-01-01,,True
653,ITAQUIRAI,SPRF-MS,2026-01-01,,True
654,SEABRA,SPRF-BA,2026-01-01,,True
655,COLOMBO,SPRF-PR,2026-01-01,,True
656,CHAPECO,SPRF-SC,2026-01-01,,True
657,CANOINHAS,SPRF-SC,2026-01-01,,True
658,VITORIA DO XINGU,SPRF-PA,2026-01-01,,True
659,MONTES CLAROS,SPRF-MG,2026-01-01,,True
660,PICOS,SPRF-PI,2026-01-01,,True
661,LIMOEIRO DO NORTE,SPRF-CE,2026-01-01,,True
662,ITAPIRAPUA,SPRF-GO,2026-01-01,,True
663,JUIZ DE FORA,SPRF-MG,2026-01-01,,True
664,CONGONHAS,SPRF-MG,2026-01-01,,True
665,PRESIDENTE FIGUEIREDO,SPRF-AM,2026-01-01,,True
666,CAMPANHA,SPRF-MG,2026-01-01,,True
667,CAIAPONIA,SPRF-GO,2026-01-01,,True
668,ESTANCIA VELHA,SPRF-RS,2026-01-01,,True
669,LUZIANIA,SPRF-DF,2026-01-01,,True
670,LAGOA GRANDE,SPRF-MG,2026-01-01,2026-06-26,False
671,ESTRELA,SPRF-RS,2026-01-01,,True
672,CANTAGALO,SPRF-PR,2026-01-01,,True
673,BEBERIBE,SPRF-CE,2026-01-01,,True
674,LINDOESTE,SPRF-PR,2026-01-01,,True
675,ENGENHEIRO CALDAS,SPRF-MG,2026-01-01,,True
676,SAO SEBASTIAO DO PASSE,SPRF-BA,2026-01-01,,True
677,CACHOEIRO DE ITAPEMIRIM,SPRF-ES,2026-01-01,,True
678,MADALENA,SPRF-CE,2026-01-01,,True
679,PALMARES,SPRF-PE,2026-01-01,,True
680,AGUA PRETA,SPRF-PE,2026-01-01,,True
681,SANTA TEREZA DE GOIAS,SPRF-GO,2026-01-01,,True
682,AREAL,SPRF-RJ,2026-01-01,,True
683,TERESOPOLIS,SPRF-RJ,2026-01-01,,True
684,SAIRE,SPRF-PE,2026-01-01,,True
685,ITINGA DO MARANHAO,SPRF-MA,2026-01-01,,True
686,JAGUARE,SPRF-ES,2026-01-01,,True
687,MARACAJU,SPRF-MS,2026-01-01,,True
688,WANDERLANDIA,SPRF-TO,2026-01-01,,True
689,VEREDA,SPRF-BA,2026-01-01,,True
690,FREI INOCENCIO,SPRF-MG,2026-01-01,,True
691,IUNA,SPRF-ES,2026-01-01,,True
692,CARIRI DO TOCANTINS,SPRF-TO,2026-01-01,,True
693,CONCEICAO DO ALMEIDA,SPRF-BA,2026-01-01,,True
694,OEIRAS,SPRF-PI,2026-01-01,,True
695,RUBELITA,SPRF-MG,2026-01-01,,True
696,COCALZINHO DE GOIAS,SPRF-GO,2026-01-01,,True
697,CARAZINHO,SPRF-RS,2026-01-01,,True
698,LUIS EDUARDO MAGALHAES,SPRF-BA,2026-01-01,,True
699,MAIRIPORA,SPRF-SP,2026-01-01,,True
700,ROSARIO DO SUL,SPRF-RS,2026-01-01,,True
701,TANQUINHO,SPRF-BA,2026-01-01,,True
702,ARAPONGAS,SPRF-PR,2026-01-01,,True
703,FAXINAL DOS GUEDES,SPRF-SC,2026-01-01,,True
704,GOVERNADOR NEWTON BELLO,SPRF-MA,2026-01-01,,True
705,SAO JOSE DO RIO PRETO,SPRF-SP,2026-01-01,,True
706,CORBELIA,SPRF-PR,2026-01-01,,True
707,XEXEU,SPRF-PE,2026-01-01,,True
708,PORTO AMAZONAS,SPRF-PR,2026-01-01,,True
709,BELA VISTA DE MINAS,SPRF-MG,2026-01-01,,True
710,SAO MATEUS DO SUL,SPRF-PR,2026-01-01,,True
711,CASTANHAL,SPRF-PA,2026-01-01,,True
712,SAO PAULO,SPRF-SP,2026-01-01,2026-06-26,False
713,MARTINS SOARES,SPRF-MG,2026-01-01,,True
714,PORTO REAL DO COLEGIO,SPRF-AL,2026-01-01,,True
715,SANTANA DO PARAISO,SPRF-MG,2026-01-01,,True
716,SENADOR JOSE BENTO,SPRF-MG,2026-01-01,,True
717,ITAIOPOLIS,SPRF-SC,2026-01-01,,True
718,SAO FRANCISCO DO PARA,SPRF-PA,2026-01-01,,True
719,APODI,SPRF-RN,2026-01-01,,True
720,SAO GONCALO DO PARA,SPRF-MG,2026-01-01,,True
721,PALMAS,SPRF-TO,2026-01-01,,True
722,ANTONINA,SPRF-PR,2026-01-01,,True
723,CARANDAI,SPRF-MG,2026-01-01,,True
724,TRINDADE,SPRF-PE,2026-01-01,2026-06-26,False
725,CATUJI,SPRF-MG,2026-01-01,,True
726,DIVINO,SPRF-MG,2026-01-01,,True
727,QUELUZ,SPRF-SP,2026-01-01,,True
728,COLONIA LEOPOLDINA,SPRF-AL,2026-01-01,,True
729,BOCAINA DO SUL,SPRF-SC,2026-01-01,,True
730,CORRENTE,SPRF-PI,2026-01-01,,True
731,JARDIM,SPRF-MS,2026-01-01,,True
732,JARAGUA,SPRF-GO,2026-01-01,,True
733,SAO JOAO DO CARIRI,SPRF-PB,2026-01-01,,True
734,MUTUIPE,SPRF-BA,2026-01-01,,True
735,COMENDADOR LEVY GASPARIAN,SPRF-RJ,2026-01-01,,True
736,PINDAMONHANGABA,SPRF-SP,2026-01-01,,True
737,CORREGO DANTA,SPRF-MG,2026-01-01,,True
738,ITAPEVA,SPRF-MG,2026-01-01,,True
739,PORTO ACRE,SPRF-AC,2026-01-01,,True
740,RIO TINTO,SPRF-PB,2026-01-01,,True
741,VITORIA DE SANTO ANTAO,SPRF-PE,2026-01-01,,True
742,IGARASSU,SPRF-PE,2026-01-01,,True
743,JUSCIMEIRA,SPRF-MT,2026-01-01,,True
744,BOM DESPACHO,SPRF-MG,2026-01-01,,True
745,ALTOS,SPRF-PI,2026-01-01,,True
746,CIANORTE,SPRF-PR,2026-01-01,,True
747,FERNANDES PINHEIRO,SPRF-PR,2026-01-01,,True
748,LAVRAS DA MANGABEIRA,SPRF-CE,2026-01-01,,True
749,JACUPIRANGA,SPRF-SP,2026-01-01,,True
750,SAO JOAQUIM DE BICAS,SPRF-MG,2026-01-01,,True
751,SANTO ANTONIO DA BARRA,SPRF-GO,2026-01-01,,True
752,NOVA XAVANTINA,SPRF-MT,2026-01-01,,True
753,SAO GABRIEL,SPRF-RS,2026-01-01,,True
754,LAGOA VERMELHA,SPRF-RS,2026-01-01,,True
755,BEZERROS,SPRF-PE,2026-01-01,,True
756,SALGUEIRO,SPRF-PE,2026-01-01,,True
757,PONTO DOS VOLANTES,SPRF-MG,2026-01-01,,True
758,JOAO PESSOA,SPRF-PB,2026-01-01,,True
759,IMBITUVA,SPRF-PR,2026-01-01,,True
760,PARAISO DAS AGUAS,SPRF-MS,2026-01-01,,True
761,CARATINGA,SPRF-MG,2026-01-01,,True
762,BURITICUPU,SPRF-MA,2026-01-01,,True
763,GUARANIACU,SPRF-PR,2026-01-01,,True
764,IMBITUBA,SPRF-SC,2026-01-01,,True
765,PONTO NOVO,SPRF-BA,2026-01-01,,True
766,SANTA RITA,SPRF-PB,2026-01-01,,True
767,VISEU,SPRF-PA,2026-01-01,,True
768,HERVAL DOESTE,SPRF-SC,2026-01-01,,True
769,BOA VISTA DO TUPIM,SPRF-BA,2026-01-01,,True
770,CHOPINZINHO,SPRF-PR,2026-01-01,,True
771,FLORES,SPRF-PE,2026-01-01,,True
772,RIACHAO DO POCO,SPRF-PB,2026-01-01,,True
773,VILA NOVA DO PIAUI,SPRF-PI,2026-01-01,,True
774,ITAOBIM,SPRF-MG,2026-01-01,,True
775,BELO ORIENTE,SPRF-MG,2026-01-01,,True
776,PIO IX,SPRF-PI,2026-01-01,,True
777,JUAZEIRO,SPRF-BA,2026-01-01,2026-06-26,False
778,JUAZEIRO,SPRF-PE,2026-01-01,,True
779,GOIATUBA,SPRF-GO,2026-01-01,,True
780,LUCAS DO RIO VERDE,SPRF-MT,2026-01-01,,True
781,PADRE CARVALHO,SPRF-MG,2026-01-01,,True
782,MILAGRES,SPRF-BA,2026-01-01,2026-06-26,False
783,JAGUAQUARA,SPRF-BA,2026-01-01,,True
784,AQUIDAUANA,SPRF-MS,2026-01-01,,True
785,RIO CRESPO,SPRF-RO,2026-01-01,,True
786,MARABA,SPRF-PA,2026-01-01,,True
787,BOM JESUS,SPRF-RS,2026-01-01,2026-06-26,False
788,PRESIDENTE CASTELO BRANCO,SPRF-PR,2026-01-01,,True
789,PEDRO CANARIO,SPRF-ES,2026-01-01,,True
790,PIRANHAS,SPRF-GO,2026-01-01,,True
791,PLANALTO,SPRF-BA,2026-01-01,2026-06-26,False
792,CAMACAN,SPRF-BA,2026-01-01,,True
793,DEODAPOLIS,SPRF-MS,2026-01-01,,True
794,CACHOEIRA PAULISTA,SPRF-SP,2026-01-01,,True
795,CAMPO LARGO,SPRF-PR,2026-01-01,,True
796,MATELANDIA,SPRF-PR,2026-01-01,,True
797,PEDRO GOMES,SPRF-MS,2026-01-01,,True
798,MARIBONDO,SPRF-AL,2026-01-01,,True
799,ACU,SPRF-RN,2026-01-01,,True
800,NIOAQUE,SPRF-MS,2026-01-01,,True
801,GUAPO,SPRF-GO,2026-01-01,,True
802,JAGUARI,SPRF-RS,2026-01-01,,True
803,LENCOIS,SPRF-BA,2026-01-01,,True
804,ABADIA DE GOIAS,SPRF-GO,2026-01-01,,True
805,APARECIDA DO TABOADO,SPRF-MS,2026-01-01,,True
806,FLOR DA SERRA DO SUL,SPRF-PR,2026-01-01,,True
807,NOVA OLINDA,SPRF-TO,2026-01-01,,True
808,ICONHA,SPRF-ES,2026-01-01,,True
809,MASCOTE,SPRF-BA,2026-01-01,,True
810,ABRE CAMPO,SPRF-MG,2026-01-01,,True
811,SAO SIMAO,SPRF-GO,2026-01-01,,True
812,FRANCISCO ALVES,SPRF-PR,2026-01-01,,True
813,NOVA ANDRADINA,SPRF-MS,2026-01-01,,True
814,GURUPI,SPRF-TO,2026-01-01,,True
815,SAO JOSE DA VITORIA,SPRF-BA,2026-01-01,,True
816,PORTEIRAO,SPRF-GO,2026-01-01,,True
817,MACAIBA,SPRF-RN,2026-01-01,,True
818,ITAPECURU MIRIM,SPRF-MA,2026-01-01,,True
819,PONTE ALTA,SPRF-SC,2026-01-01,,True
820,RANCHO QUEIMADO,SPRF-SC,2026-01-01,,True
821,CORREIA PINTO,SPRF-SC,2026-01-01,,True
822,ANTAS,SPRF-BA,2026-01-01,,True
823,RIO NEGRO,SPRF-SC,2026-01-01,,True
824,ALTAMIRA,SPRF-MT,2026-01-01,,True
825,NOVA VICOSA,SPRF-BA,2026-01-01,,True
826,VITORIA DAS MISSOES,SPRF-RS,2026-01-01,,True
827,CONSELHEIRO LAFAIETE,SPRF-MG,2026-01-01,,True
828,BRUNOPOLIS,SPRF-SC,2026-01-01,,True
829,SANTO ANTONIO DA PATRULHA,SPRF-RS,2026-01-01,,True
830,PROPRIA,SPRF-SE,2026-01-01,,True
831,CATALAO,SPRF-GO,2026-01-01,,True
832,VARJAO,SPRF-GO,2026-01-01,,True
833,GUARAREMA,SPRF-SP,2026-01-01,,True
834,CRUZEIRO,SPRF-SP,2026-01-01,,True
835,BARRACAO,SPRF-RS,2026-01-01,2026-06-26,False
836,IBIRACU,SPRF-ES,2026-01-01,,True
837,OURINHOS,SPRF-SP,2026-01-01,,True
838,GOVERNADOR EUGENIO BARROS,SPRF-MA,2026-01-01,,True
839,CASEIROS,SPRF-RS,2026-01-01,,True
840,PIRENOPOLIS,SPRF-GO,2026-01-01,,True
841,JUNCO DO SERIDO,SPRF-PB,2026-01-01,,True
842,POXOREU,SPRF-MT,2026-01-01,,True
843,PALMEIRAS,SPRF-BA,2026-01-01,,True
844,LORENA,SPRF-SP,2026-01-01,,True
845,TRACUATEUA,SPRF-PA,2026-01-01,,True
846,MORRO REUTER,SPRF-RS,2026-01-01,,True
847,RIO REAL,SPRF-SE,2026-01-01,,True
848,ALTO PARANA,SPRF-PR,2026-01-01,,True
849,DOURADOS,SPRF-MS,2026-01-01,,True
850,CHORROCHO,SPRF-PE,2026-01-01,,True
851,VACARIA,SPRF-RS,2026-01-01,,True
852,OLIVEIRA,SPRF-MG,2026-01-01,,True
853,FONTOURA XAVIER,SPRF-RS,2026-01-01,,True
854,AGUA BRANCA,SPRF-AL,2026-01-01,,True
855,JUCATI,SPRF-PE,2026-01-01,,True
856,SEBASTIAO LEAL,SPRF-PI,2026-01-01,,True
857,SANTA INES,SPRF-MA,2026-01-01,,True
858,POCONE,SPRF-MT,2026-01-01,,True
859,SANTO ANTONIO DO AMPARO,SPRF-MG,2026-01-01,,True
860,CRICIUMA,SPRF-SC,2026-01-01,,True
861,AGUA DOCE,SPRF-SC,2026-01-01,,True
862,PAULISTA,SPRF-PE,2026-01-01,2026-06-26,False
863,DELMIRO GOUVEIA,SPRF-BA,2026-01-01,,True
864,CAMBARA,SPRF-PR,2026-01-01,,True
865,ALTO ARAGUAIA,SPRF-MT,2026-01-01,,True
866,DIAMANTINO,SPRF-MT,2026-01-01,,True
867,BELO JARDIM,SPRF-PE,2026-01-01,,True
868,IPIRANGA,SPRF-PR,2026-01-01,,True
869,DOM PEDRO DE ALCANTARA,SPRF-RS,2026-01-01,,True
870,SANTA TEREZINHA DE ITAIPU,SPRF-PR,2026-01-01,,True
871,GETULINA,SPRF-SP,2026-01-01,,True
872,OLIVEIRA FORTES,SPRF-MG,2026-01-01,,True
873,INDIARA,SPRF-GO,2026-01-01,,True
874,GUARACIABA,SPRF-SC,2026-01-01,,True
875,CARIDADE,SPRF-CE,2026-01-01,,True
876,JUNCO DO MARANHAO,SPRF-MA,2026-01-01,,True
877,CARUARU,SPRF-PE,2026-01-01,,True
878,ACARI,SPRF-RN,2026-01-01,,True
879,NOVO PROGRESSO,SPRF-PA,2026-01-01,,True
880,SAO JOSE DO BELMONTE,SPRF-PE,2026-01-01,,True
881,LONTRAS,SPRF-SC,2026-01-01,,True
882,MARILANDIA DO SUL,SPRF-PR,2026-01-01,,True
883,BOCAIUVA DO SUL,SPRF-PR,2026-01-01,,True
884,SOLEDADE,SPRF-RS,2026-01-01,,True
885,POMBAL,SPRF-PB,2026-01-01,,True
886,TERRA DE AREIA,SPRF-RS,2026-01-01,,True
887,ANTONIO CARDOSO,SPRF-BA,2026-01-01,,True
888,SANTA CRUZ DE SALINAS,SPRF-MG,2026-01-01,,True
889,VARGEM,SPRF-SC,2026-01-01,2026-06-26,False
890,SAO JOAO DO SUL,SPRF-SC,2026-01-01,,True
891,JUSSARA,SPRF-GO,2026-01-01,,True
892,VASSOURAS,SPRF-RJ,2026-01-01,,True
893,AREIA BRANCA,SPRF-SE,2026-01-01,2026-06-26,False
894,ACAILANDIA,SPRF-MA,2026-01-01,,True
895,AGUAS VERMELHAS,SPRF-MG,2026-01-01,,True
896,SANTA TERESINHA,SPRF-PB,2026-01-01,,True
897,RIBAMAR FIQUENE,SPRF-MA,2026-01-01,,True
898,ITABORAI,SPRF-RJ,2026-01-01,,True
899,ITAPUA DO OESTE,SPRF-RO,2026-01-01,,True
900,MARQUINHO,SPRF-PR,2026-01-01,,True
901,CONTENDA,SPRF-PR,2026-01-01,,True
902,BRASILEIRA,SPRF-PI,2026-01-01,,True
903,PORTO FRANCO,SPRF-MA,2026-01-01,,True
904,MUQUEM DE SAO FRANCISCO,SPRF-BA,2026-01-01,,True
905,XAXIM,SPRF-SC,2026-01-01,,True
906,SAO GONCALO DO GURGUEIA,SPRF-PI,2026-01-01,,True
907,GUAIMBE,SPRF-SP,2026-01-01,,True
908,MAMBORE,SPRF-PR,2026-01-01,,True
909,MIRACEMA DO TOCANTINS,SPRF-TO,2026-01-01,,True
910,BARRA DO CORDA,SPRF-MA,2026-01-01,,True
911,BAIXO GUANDU,SPRF-ES,2026-01-01,,True
912,SAO BENTO DO TOCANTINS,SPRF-TO,2026-01-01,,True
913,ARARIPINA,SPRF-PE,2026-01-01,,True
914,GUAICARA,SPRF-SP,2026-01-01,,True
915,CORDILHEIRA ALTA,SPRF-SC,2026-01-01,,True
916,CAMBUI,SPRF-MG,2026-01-01,,True
917,JABOTICABA,SPRF-RS,2026-01-01,,True
918,GOVERNADOR DIX-SEPT ROSADO,SPRF-RN,2026-01-01,,True
919,APARECIDA DE GOIANIA,SPRF-GO,2026-01-01,,True
920,AGRONOMICA,SPRF-SC,2026-01-01,,True
921,MARECHAL CANDIDO RONDON,SPRF-PR,2026-01-01,,True
922,PEIXOTO DE AZEVEDO,SPRF-MT,2026-01-01,,True
923,UNISTALDA,SPRF-RS,2026-01-01,,True
924,PERIQUITO,SPRF-MG,2026-01-01,,True
925,SENTINELA DO SUL,SPRF-RS,2026-01-01,,True
926,CEARA-MIRIM,SPRF-RN,2026-01-01,,True
927,OURO PRETO,SPRF-MG,2026-01-01,,True
928,MONTENEGRO,SPRF-RS,2026-01-01,,True
929,RIBEIRAO CASCALHEIRA,SPRF-MT,2026-01-01,,True
930,PINHEIRO MACHADO,SPRF-RS,2026-01-01,,True
931,PADRE PARAISO,SPRF-MG,2026-01-01,,True
932,JUQUIA,SPRF-SP,2026-01-01,,True
933,CHOROZINHO,SPRF-CE,2026-01-01,,True
934,VICTOR GRAEFF,SPRF-RS,2026-01-01,,True
935,ITACARE,SPRF-BA,2026-01-01,,True
936,OCAUCU,SPRF-SP,2026-01-01,,True
937,SANTA CRUZ DOS MILAGRES,SPRF-PI,2026-01-01,,True
938,BRANQUINHA,SPRF-AL,2026-01-01,,True
939,BELA VISTA DO MARANHAO,SPRF-MA,2026-01-01,,True
940,CAAPORA,SPRF-PB,2026-01-01,,True
941,PINHEIROS,SPRF-ES,2026-01-01,,True
942,CAMPO ALEGRE,SPRF-AL,2026-01-01,,True
943,BENTO GONCALVES,SPRF-RS,2026-01-01,,True
944,PRESIDENTE DUTRA,SPRF-MA,2026-01-01,,True
945,SAO PEDRO,SPRF-RN,2026-01-01,,True
946,CORUPA,SPRF-SC,2026-01-01,,True
947,IBIRAPITANGA,SPRF-BA,2026-01-01,,True
948,ARGIRITA,SPRF-MG,2026-01-01,,True
949,ESTRELA DO NORTE,SPRF-GO,2026-01-01,,True
950,SAO FRANCISCO DE GOIAS,SPRF-GO,2026-01-01,,True
951,CALDEIRAO GRANDE,SPRF-BA,2026-01-01,,True
952,CLAUDIA,SPRF-MT,2026-01-01,,True
953,TRES PASSOS,SPRF-RS,2026-01-01,,True
954,VARZEA ALEGRE,SPRF-CE,2026-01-01,,True
955,SANTA MARIA,SPRF-RN,2026-01-01,,True
956,VILA VALERIO,SPRF-ES,2026-01-01,,True
957,BALSAS,SPRF-MA,2026-01-01,,True
958,PEREIRO,SPRF-CE,2026-01-01,,True
959,AGUA BOA,SPRF-MT,2026-01-01,,True
960,ALTO GARCAS,SPRF-MT,2026-01-01,,True
961,CAETES,SPRF-PE,2026-01-01,,True
962,MANDAGUARI,SPRF-PR,2026-01-01,,True
963,BRASILANDIA,SPRF-MS,2026-01-01,,True
964,ROMARIA,SPRF-MG,2026-01-01,,True
965,SUME,SPRF-PB,2026-01-01,,True
966,CAPINZAL DO NORTE,SPRF-MA,2026-01-01,,True
967,IBITIARA,SPRF-BA,2026-01-01,,True
968,RIO MANSO,SPRF-MG,2026-01-01,,True
969,INHAPIM,SPRF-MG,2026-01-01,,True
970,MARECHAL FLORIANO,SPRF-ES,2026-01-01,,True
971,PALMEIRANTE,SPRF-TO,2026-01-01,,True
972,FORMOSA DO RIO PRETO,SPRF-BA,2026-01-01,,True
973,JAGUARARI,SPRF-BA,2026-01-01,,True
974,LARANJEIRAS DO SUL,SPRF-PR,2026-01-01,,True
975,IPAUMIRIM,SPRF-CE,2026-01-01,,True
976,ARROIO GRANDE,SPRF-RS,2026-01-01,,True
977,SAO JOSE DE MIPIBU,SPRF-RN,2026-01-01,,True
978,AUGUSTO SEVERO,SPRF-RN,2026-01-01,,True
979,TIMBAUBA,SPRF-PE,2026-01-01,,True
980,JANDAIRA,SPRF-RN,2026-01-01,,True
981,NOVA MAMORE,SPRF-RO,2026-01-01,,True
982,OSORIO,SPRF-RS,2026-01-01,,True
983,SAO JOSE DA LAJE,SPRF-AL,2026-01-01,,True
984,PINHALZINHO,SPRF-SC,2026-01-01,,True
985,PAPANDUVA,SPRF-SC,2026-01-01,,True
986,CARMOPOLIS DE MINAS,SPRF-MG,2026-01-01,,True
987,VARGEM,SPRF-SP,2026-01-01,,True
988,ICARA,SPRF-SC,2026-01-01,,True
989,PORTO REAL,SPRF-RJ,2026-01-01,,True
990,URUACU,SPRF-GO,2026-01-01,,True
991,MOEDA,SPRF-MG,2026-01-01,,True
992,TRES LAGOAS,SPRF-MS,2026-01-01,,True
993,ITIQUIRA,SPRF-MT,2026-01-01,,True
994,MILAGRES,SPRF-CE,2026-01-01,,True
995,MARAVILHA,SPRF-SC,2026-01-01,2026-06-26,False
996,GUAIRA,SPRF-PR,2026-01-01,,True
997,PORTO GRANDE,SPRF-AP,2026-01-01,,True
998,TRES FORQUILHAS,SPRF-RS,2026-01-01,,True
999,SANGAO,SPRF-SC,2026-01-01,,True
1000,BARROLANDIA,SPRF-TO,2026-01-01,,True
1001,SIDROLANDIA,SPRF-MS,2026-01-01,,True
1002,CONGONHAL,SPRF-MG,2026-01-01,,True
1003,NAVEGANTES,SPRF-SC,2026-01-01,,True
1004,POCO DAS TRINCHEIRAS,SPRF-AL,2026-01-01,,True
1005,CAPIVARI DE BAIXO,SPRF-SC,2026-01-01,,True
1006,MANGARATIBA,SPRF-RJ,2026-01-01,,True
1007,BAGE,SPRF-RS,2026-01-01,,True
1008,GEMINIANO,SPRF-PI,2026-01-01,,True
1009,CUSTODIA,SPRF-PE,2026-01-01,,True
1010,ICEM,SPRF-SP,2026-01-01,,True
1011,MARQUES DE SOUZA,SPRF-RS,2026-01-01,,True
1012,CASCAVEL,SPRF-CE,2026-01-01,,True
1013,UBATUBA,SPRF-SP,2026-01-01,,True
1014,ESMERALDAS,SPRF-MG,2026-01-01,,True
1015,REDENCAO DO GURGUEIA,SPRF-PI,2026-01-01,,True
1016,TIMOTEO,SPRF-MG,2026-01-01,,True
1017,CAMANDUCAIA,SPRF-MG,2026-01-01,,True
1018,JUPI,SPRF-PE,2026-01-01,,True
1019,SAO MIGUEL DO GUAPORE,SPRF-RO,2026-01-01,,True
1020,JARAGUARI,SPRF-MS,2026-01-01,,True
1021,ITATIAIA,SPRF-RJ,2026-01-01,,True
1022,TAUA,SPRF-CE,2026-01-01,,True
1023,ITAQUI,SPRF-RS,2026-01-01,,True
1024,ROSEIRA,SPRF-SP,2026-01-01,,True
1025,BRASILANDIA DO TOCANTINS,SPRF-TO,2026-01-01,,True
1026,QUITANDINHA,SPRF-PR,2026-01-01,,True
1027,JOAO NEIVA,SPRF-ES,2026-01-01,,True
1028,JAGUARIBE,SPRF-CE,2026-01-01,,True
1029,ATALAIA,SPRF-AL,2026-01-01,,True
1030,SAO MIGUEL DO GUAMA,SPRF-PA,2026-01-01,,True
1031,CURRAIS NOVOS,SPRF-RN,2026-01-01,,True
1032,UPANEMA,SPRF-RN,2026-01-01,,True
1033,BICAS,SPRF-MG,2026-01-01,,True
1034,FLORIANO,SPRF-PI,2026-01-01,,True
1035,GUARUJA DO SUL,SPRF-SC,2026-01-01,,True
1036,EUSEBIO,SPRF-CE,2026-01-01,,True
1037,CABO DE SANTO AGOSTINHO,SPRF-PE,2026-01-01,,True
1038,POCOS DE CALDAS,SPRF-MG,2026-01-01,,True
1039,AGUA CLARA,SPRF-MS,2026-01-01,,True
1040,CACAPAVA DO SUL,SPRF-RS,2026-01-01,,True
1041,MATIPO,SPRF-MG,2026-01-01,,True
1042,PACAJA,SPRF-PA,2026-01-01,,True
1043,SANTAREM,SPRF-PA,2026-01-01,,True
1044,FAZENDA VILANOVA,SPRF-RS,2026-01-01,,True
1045,SENADOR GUIOMARD,SPRF-AC,2026-01-01,,True
1046,ARARANGUA,SPRF-SC,2026-01-01,,True
1047,CACHOEIRA DOS INDIOS,SPRF-CE,2026-01-01,,True
1048,CORONEL VIVIDA,SPRF-PR,2026-01-01,,True
1049,PARAOPEBA,SPRF-MG,2026-01-01,,True
1050,CRUZ DAS ALMAS,SPRF-BA,2026-01-01,,True
1051,ORIZANIA,SPRF-MG,2026-01-01,,True
1052,NOVA UBIRATA,SPRF-MT,2026-01-01,,True
1053,FORTALEZA,SPRF-CE,2026-01-01,,True
1054,JOAO CAMARA,SPRF-RN,2026-01-01,,True
1055,MALHADA DOS BOIS,SPRF-SE,2026-01-01,,True
1056,MARA ROSA,SPRF-GO,2026-01-01,,True
1057,TRES BARRAS,SPRF-SC,2026-01-01,,True
1058,ACEGUA,SPRF-RS,2026-01-01,,True
1059,NOVA ROSALANDIA,SPRF-TO,2026-01-01,,True
1060,TASSO FRAGOSO,SPRF-MA,2026-01-01,,True
1061,SEBERI,SPRF-RS,2026-01-01,,True
1062,ERVAL VELHO,SPRF-SC,2026-01-01,,True
1063,FIGUEIROPOLIS DOESTE,SPRF-MT,2026-01-01,,True
1064,PEDRO OSORIO,SPRF-RS,2026-01-01,,True
1065,JOSE BONIFACIO,SPRF-SP,2026-01-01,,True
1066,BARRA DO RIBEIRO,SPRF-RS,2026-01-01,,True
1067,CANUDOS,SPRF-BA,2026-01-01,,True
1068,ABADIANIA,SPRF-GO,2026-01-01,,True
1069,SAO JOSE DO CEDRO,SPRF-SC,2026-01-01,,True
1070,HUMAITA,SPRF-AM,2026-01-01,,True
1071,BOM JESUS DO TOCANTINS,SPRF-PA,2026-01-01,,True
1072,ALVORADA,SPRF-TO,2026-01-01,,True
1073,IRAI,SPRF-RS,2026-01-01,,True
1074,SANTO ANTONIO DO DESCOBERTO,SPRF-DF,2026-01-01,,True
1075,IGARATINGA,SPRF-MG,2026-01-01,,True
1076,MARUIM,SPRF-SE,2026-01-01,,True
1077,CACHOEIRINHA,SPRF-TO,2026-01-01,2026-06-26,False
1078,ALVORADA DO GURGUEIA,SPRF-PI,2026-01-01,,True
1079,CAROLINA,SPRF-MA,2026-01-01,,True
1080,MIRANDA DO NORTE,SPRF-MA,2026-01-01,,True
1081,CHUI,SPRF-RS,2026-01-01,,True
1082,MIRASSOL DOESTE,SPRF-MT,2026-01-01,,True
1083,JUNQUEIRO,SPRF-AL,2026-01-01,,True
1084,GARANHUNS,SPRF-PE,2026-01-01,,True
1085,GUARARA,SPRF-MG,2026-01-01,,True
1086,SAO LOURENCO DA MATA,SPRF-PE,2026-01-01,,True
1087,PANELAS,SPRF-PE,2026-01-01,,True
1088,NOVA ERECHIM,SPRF-SC,2026-01-01,,True
1089,AQUIRAZ,SPRF-CE,2026-01-01,,True
1090,JANDAIA DO SUL,SPRF-PR,2026-01-01,,True
1091,BELO HORIZONTE,SPRF-MG,2026-01-01,,True
1092,SANTO ANTONIO DO PLANALTO,SPRF-RS,2026-01-01,,True
1093,MONTES CLAROS DE GOIAS,SPRF-GO,2026-01-01,,True
1094,CANGUCU,SPRF-RS,2026-01-01,,True
1095,SANTA VITORIA DO PALMAR,SPRF-RS,2026-01-01,,True
1096,PONTE ALTA DO NORTE,SPRF-SC,2026-01-01,,True
1097,PENAFORTE,SPRF-CE,2026-01-01,,True
1098,PASSO DE TORRES,SPRF-SC,2026-01-01,2026-06-26,False
1099,JUCURUTU,SPRF-RN,2026-01-01,,True
1100,MURICI,SPRF-AL,2026-01-01,,True
1101,HIDROLINA,SPRF-GO,2026-01-01,,True
1102,NOVA FATIMA,SPRF-BA,2026-01-01,,True
1103,PERITORO,SPRF-MA,2026-01-01,,True
1104,GAMELEIRA,SPRF-PE,2026-01-01,,True
1105,SAO MARCOS,SPRF-RS,2026-01-01,,True
1106,FORQUILHA,SPRF-CE,2026-01-01,,True
1107,INHUMA,SPRF-PI,2026-01-01,,True
1108,CEZARINA,SPRF-GO,2026-01-01,,True
1109,CONCEICAO DA FEIRA,SPRF-BA,2026-01-01,,True
1110,CACHOEIRA DO PIRIA,SPRF-PA,2026-01-01,,True
1111,JARAGUA DO SUL,SPRF-SC,2026-01-01,,True
1112,ULIANOPOLIS,SPRF-PA,2026-01-01,,True
1113,SENA MADUREIRA,SPRF-AC,2026-01-01,,True
1114,BARRA DE SANTA ROSA,SPRF-PB,2026-01-01,,True
1115,MAURILANDIA,SPRF-GO,2026-01-01,,True
1116,SALVADOR DO SUL,SPRF-RS,2026-01-01,,True
1117,ELESBAO VELOSO,SPRF-PI,2026-01-01,,True
1118,FLORES DE GOIAS,SPRF-DF,2026-01-01,,True
1119,VALENCA DO PIAUI,SPRF-PI,2026-01-01,,True
1120,NAZARE DO PIAUI,SPRF-PI,2026-01-01,,True
1121,CERRITO,SPRF-RS,2026-01-01,,True
1122,BOZANO,SPRF-RS,2026-01-01,,True
1123,LAJEADO,SPRF-RS,2026-01-01,,True
1124,RIBEIRAO DO SUL,SPRF-SP,2026-01-01,,True
1125,SOUSA,SPRF-PB,2026-01-01,,True
1126,TRINDADE,SPRF-GO,2026-01-01,,True
1127,BARRO ALTO,SPRF-GO,2026-01-01,,True
1128,TABAI,SPRF-RS,2026-01-01,,True
1129,PANAMBI,SPRF-RS,2026-01-01,,True
1130,NORMANDIA,SPRF-RR,2026-01-01,,True
1131,ALMINO AFONSO,SPRF-RN,2026-01-01,,True
1132,MARCOLANDIA,SPRF-PI,2026-01-01,,True
1133,GUARANI DE GOIAS,SPRF-DF,2026-01-01,,True
1134,LARANJAL DO JARI,SPRF-AP,2026-01-01,,True
1135,CUNHA PORA,SPRF-SC,2026-01-01,,True
1136,PALMEIRA DAS MISSOES,SPRF-RS,2026-01-01,,True
1137,TOUROS,SPRF-RN,2026-01-01,,True
1138,BOM JESUS,SPRF-PI,2026-01-01,2026-06-26,False
1139,OLHO DAGUA DO PIAUI,SPRF-PI,2026-01-01,,True
1140,SANTA ROSA DO TOCANTINS,SPRF-TO,2026-01-01,,True
1141,CAMPESTRE DO MARANHAO,SPRF-MA,2026-01-01,,True
1142,MORADA NOVA,SPRF-CE,2026-01-01,,True
1143,NOVA LONDRINA,SPRF-PR,2026-01-01,,True
1144,NOVO HAMBURGO,SPRF-RS,2026-01-01,,True
1145,REBOUCAS,SPRF-PR,2026-01-01,,True
1146,RIANAPOLIS,SPRF-GO,2026-01-01,,True
1147,SACRAMENTO,SPRF-MG,2026-01-01,,True
1148,GUARANI DAS MISSOES,SPRF-RS,2026-01-01,,True
1149,CAETANOPOLIS,SPRF-MG,2026-01-01,,True
1150,CIDELANDIA,SPRF-MA,2026-01-01,,True
1151,IRAUCUBA,SPRF-CE,2026-01-01,,True
1152,BAEPENDI,SPRF-MG,2026-01-01,,True
1153,SAO JOAO DO MANHUACU,SPRF-MG,2026-01-01,,True
1154,SAO JOAO DA FRONTEIRA,SPRF-PI,2026-01-01,,True
1155,CARACARAI,SPRF-RR,2026-01-01,,True
1156,POUSO NOVO,SPRF-RS,2026-01-01,,True
1157,CACHOEIRA DE PAJEU,SPRF-MG,2026-01-01,2026-06-26,False
1158,MANOEL VITORINO,SPRF-BA,2026-01-01,,True
1159,SANTA LUZIA DO PARA,SPRF-PA,2026-01-01,,True
1160,ANGICAL DO PIAUI,SPRF-PI,2026-01-01,,True
1161,BARRO,SPRF-CE,2026-01-01,,True
1162,SAO MIGUEL DOS CAMPOS,SPRF-AL,2026-01-01,,True
1163,CALCOENE,SPRF-AP,2026-01-01,,True
1164,MARECHAL DEODORO,SPRF-AL,2026-01-01,,True
1165,MONTE CARMELO,SPRF-MG,2026-01-01,,True
1166,PATU,SPRF-RN,2026-01-01,,True
1167,TIO HUGO,SPRF-RS,2026-01-01,,True
1168,ALEM PARAIBA,SPRF-MG,2026-01-01,,True
1169,MURIBECA,SPRF-SE,2026-01-01,,True
1170,TARTARUGALZINHO,SPRF-AP,2026-01-01,,True
1171,LAGOA DO PIAUI,SPRF-PI,2026-01-01,,True
1172,MOEMA,SPRF-MG,2026-01-01,,True
1173,PRESIDENTE OLEGARIO,SPRF-MG,2026-01-01,,True
1174,FIGUEIROPOLIS,SPRF-TO,2026-01-01,,True
1175,SAO JOSE DO JACUIPE,SPRF-BA,2026-01-01,,True
1176,DAVINOPOLIS,SPRF-MA,2026-01-01,,True
1177,PEDRAS DE FOGO,SPRF-PB,2026-01-01,,True
1178,MAQUINE,SPRF-RS,2026-01-01,,True
1179,CURACA,SPRF-BA,2026-01-01,,True
1180,ARACOIABA,SPRF-CE,2026-01-01,,True
1181,MATEUS LEME,SPRF-MG,2026-01-01,,True
1182,CRISTAL,SPRF-RS,2026-01-01,,True
1183,SANTANA,SPRF-AP,2026-01-01,,True
1184,SANTA MARIA DA BOA VISTA,SPRF-PE,2026-01-01,,True
1185,RIBEIRA DO AMPARO,SPRF-BA,2026-01-01,,True
1186,GUIA LOPES DA LAGUNA,SPRF-MS,2026-01-01,,True
1187,DOURADINA,SPRF-MS,2026-01-01,,True
1188,PANAMA,SPRF-GO,2026-01-01,,True
1189,VERA,SPRF-MT,2026-01-01,,True
1190,MORROS,SPRF-MA,2026-01-01,,True
1191,RIBEIRA DO POMBAL,SPRF-BA,2026-01-01,,True
1192,RIO DAS OSTRAS,SPRF-RJ,2026-01-01,,True
1193,EUGENOPOLIS,SPRF-MG,2026-01-01,,True
1194,PINHEIRAL,SPRF-RJ,2026-01-01,,True
1195,VIRMOND,SPRF-PR,2026-01-01,,True
1196,ALCANTIL,SPRF-PB,2026-01-01,,True
1197,PATO BRANCO,SPRF-PR,2026-01-01,,True
1198,COLORADO DO OESTE,SPRF-RO,2026-01-01,,True
1199,CACHOEIRA DE PAJEU,SPRF-BA,2026-01-01,,True
1200,REALEZA,SPRF-PR,2026-01-01,,True
1201,CAPAO DO LEAO,SPRF-RS,2026-01-01,,True
1202,BUJARI,SPRF-AC,2026-01-01,,True
1203,JEREMOABO,SPRF-SE,2026-01-01,,True
1204,CANDEAL,SPRF-BA,2026-01-01,,True
1205,BOM RETIRO,SPRF-SC,2026-01-01,,True
1206,PLANURA,SPRF-MG,2026-01-01,,True
1207,OURO BRANCO,SPRF-AL,2026-01-01,,True
1208,LADARIO,SPRF-MS,2026-01-01,,True
1209,JAPERI,SPRF-RJ,2026-01-01,,True
1210,DESCANSO,SPRF-SC,2026-01-01,,True
1211,ASCURRA,SPRF-SC,2026-01-01,,True
1212,RIO NEGRINHO,SPRF-SC,2026-01-01,,True
1213,SANTIAGO,SPRF-RS,2026-01-01,,True
1214,CAIBI,SPRF-SC,2026-01-01,,True
1215,VALE DE SAO DOMINGOS,SPRF-MT,2026-01-01,,True
1216,ARATACA,SPRF-BA,2026-01-01,,True
1217,SANTA RITA DE CALDAS,SPRF-MG,2026-01-01,,True
1218,JAMPRUCA,SPRF-MG,2026-01-01,,True
1219,SANTANA DO LIVRAMENTO,SPRF-RS,2026-01-01,,True
1220,JERUMENHA,SPRF-PI,2026-01-01,,True
1221,ITABERAI,SPRF-GO,2026-01-01,,True
1222,SAO JOAO DOS PATOS,SPRF-PI,2026-01-01,,True
1223,SANTA FE DE GOIAS,SPRF-GO,2026-01-01,,True
1224,MINAS DO LEAO,SPRF-RS,2026-01-01,,True
1225,SAO SEBASTIAO DA BELA VISTA,SPRF-MG,2026-01-01,,True
1226,SAPEZAL,SPRF-MT,2026-01-01,,True
1227,DOIS IRMAOS DO BURITI,SPRF-MS,2026-01-01,,True
1228,CAPAO BONITO DO SUL,SPRF-RS,2026-01-01,,True
1229,NOVA PETROPOLIS,SPRF-RS,2026-01-01,,True
1230,CAIBATE,SPRF-RS,2026-01-01,,True
1231,BUERAREMA,SPRF-BA,2026-01-01,,True
1232,BOM JARDIM DE MINAS,SPRF-MG,2026-01-01,,True
1233,IPIAU,SPRF-BA,2026-01-01,,True
1234,FATIMA,SPRF-TO,2026-01-01,,True
1235,DOM PEDRITO,SPRF-RS,2026-01-01,,True
1236,SANTA HELENA DE GOIAS,SPRF-GO,2026-01-01,,True
1237,DIONISIO CERQUEIRA,SPRF-SC,2026-01-01,,True
1238,ITAITINGA,SPRF-CE,2026-01-01,,True
1239,PASTOS BONS,SPRF-MA,2026-01-01,,True
1240,SANTA MARIA DA VITORIA,SPRF-BA,2026-01-01,,True
1241,JENIPAPO DOS VIEIRAS,SPRF-MA,2026-01-01,,True
1242,ANDIRA,SPRF-PR,2026-01-01,,True
1243,CARPINA,SPRF-PE,2026-01-01,,True
1244,INGA,SPRF-PB,2026-01-01,,True
1245,BOM JESUS DAS SELVAS,SPRF-MA,2026-01-01,,True
1246,TRES DE MAIO,SPRF-RS,2026-01-01,,True
1247,NOVA SANTA HELENA,SPRF-MT,2026-01-01,,True
1248,CASTRO ALVES,SPRF-BA,2026-01-01,,True
1249,CANUTAMA,SPRF-AM,2026-01-01,,True
1250,CHAPADAO DO SUL,SPRF-MS,2026-01-01,,True
1251,JULIO DE CASTILHOS,SPRF-RS,2026-01-01,,True
1252,SIMAO PEREIRA,SPRF-MG,2026-01-01,,True
1253,NOVA ESPERANCA,SPRF-PR,2026-01-01,,True
1254,AGUA SANTA,SPRF-RS,2026-01-01,,True
1255,SANTO AMARO,SPRF-BA,2026-01-01,,True
1256,TURUCU,SPRF-RS,2026-01-01,,True
1257,CAMPO MAIOR,SPRF-PI,2026-01-01,,True
1258,NAZARE,SPRF-TO,2026-01-01,,True
1259,NOVO LINO,SPRF-AL,2026-01-01,,True
1260,LAGUNA,SPRF-SC,2026-01-01,,True
1261,IBIQUERA,SPRF-BA,2026-01-01,,True
1262,FLORANIA,SPRF-RN,2026-01-01,,True
1263,SAO JOAO DO JAGUARIBE,SPRF-CE,2026-01-01,,True
1264,VILA VELHA,SPRF-ES,2026-01-01,,True
1265,FLORIANOPOLIS,SPRF-SC,2026-01-01,2026-06-26,False
1266,UBAJARA,SPRF-CE,2026-01-01,,True
1267,JANDUIS,SPRF-RN,2026-01-01,,True
1268,TRES CACHOEIRAS,SPRF-RS,2026-01-01,,True
1269,MONSENHOR HIPOLITO,SPRF-PI,2026-01-01,,True
1270,CAMPOS ALTOS,SPRF-MG,2026-01-01,,True
1271,PARANA,SPRF-TO,2026-01-01,,True
1272,JAGUARUNA,SPRF-SC,2026-01-01,,True
1273,OLARIA,SPRF-MG,2026-01-01,,True
1274,ADRIANOPOLIS,SPRF-PR,2026-01-01,,True
1275,MANDAGUACU,SPRF-PR,2026-01-01,,True
1276,LIMA DUARTE,SPRF-MG,2026-01-01,,True
1277,QUEIMADOS,SPRF-RJ,2026-01-01,,True
1278,BARAO DE COCAIS,SPRF-MG,2026-01-01,,True
1279,CONDE,SPRF-PB,2026-01-01,,True
1280,CUPIRA,SPRF-PE,2026-01-01,,True
1281,SAO PEDRO DO SUL,SPRF-RS,2026-01-01,,True
1282,ALVORADA DOESTE,SPRF-RO,2026-01-01,,True
1283,SAO MIGUEL DO ARAGUAIA,SPRF-GO,2026-01-01,,True
1284,SAO MATEUS DO MARANHAO,SPRF-MA,2026-01-01,,True
1285,CORONEL BICACO,SPRF-RS,2026-01-01,,True
1286,CRISTALANDIA DO PIAUI,SPRF-PI,2026-01-01,,True
1287,PRESIDENTE VARGAS,SPRF-MA,2026-01-01,,True
1288,ILHEUS,SPRF-BA,2026-01-01,,True
1289,UBARANA,SPRF-SP,2026-01-01,,True
1290,RIO BRILHANTE,SPRF-MS,2026-01-01,,True
1291,PETROLANDIA,SPRF-PE,2026-01-01,,True
1292,MACAPA,SPRF-AP,2026-01-01,,True
1293,AMAJARI,SPRF-RR,2026-01-01,,True
1294,MACAU,SPRF-RN,2026-01-01,,True
1295,EWBANK DA CAMARA,SPRF-MG,2026-01-01,,True
1296,ESTRELA DE ALAGOAS,SPRF-AL,2026-01-01,,True
1297,FOZ DO JORDAO,SPRF-PR,2026-01-01,,True
1298,IPAMERI,SPRF-DF,2026-01-01,2026-06-26,False
1299,SANTO ANTONIO DO GRAMA,SPRF-MG,2026-01-01,,True
1300,BUTIA,SPRF-RS,2026-01-01,,True
1301,SANTA ROSA DO SUL,SPRF-SC,2026-01-01,,True
1302,CALDAS BRANDAO,SPRF-PB,2026-01-01,,True
1303,SANHARO,SPRF-PE,2026-01-01,,True
1304,SALDANHA MARINHO,SPRF-RS,2026-01-01,,True
1305,CAMPO FLORIDO,SPRF-MG,2026-01-01,,True
1306,GUARAQUECABA,SPRF-PR,2026-01-01,,True
1307,LUIS CORREIA,SPRF-PI,2026-01-01,,True
1308,ITAARA,SPRF-RS,2026-01-01,,True
1309,PEDRA BRANCA,SPRF-CE,2026-01-01,,True
1310,SERRA NEGRA DO NORTE,SPRF-RN,2026-01-01,,True
1311,CAEM,SPRF-BA,2026-01-01,,True
1312,CANAS,SPRF-SP,2026-01-01,,True
1313,ESTEIO,SPRF-RS,2026-01-01,,True
1314,LAJES PINTADAS,SPRF-RN,2026-01-01,,True
1315,SANTA BRIGIDA,SPRF-BA,2026-01-01,,True
1316,ALTO SANTO,SPRF-CE,2026-01-01,,True
1317,IJUI,SPRF-RS,2026-01-01,,True
1318,AGUIARNOPOLIS,SPRF-TO,2026-01-01,,True
1319,SOMBRIO,SPRF-SC,2026-01-01,,True
1320,ROSARIO DO CATETE,SPRF-SE,2026-01-01,,True
1321,MIRASSOL,SPRF-SP,2026-01-01,,True
1322,SANTANA DO IPANEMA,SPRF-AL,2026-01-01,,True
1323,SANTA ROSA DA SERRA,SPRF-MG,2026-01-01,,True
1324,MONTEIRO,SPRF-PB,2026-01-01,,True
1325,SANTA LUZIA DO ITANHY,SPRF-SE,2026-01-01,,True
1326,CAPANEMA,SPRF-PR,2026-01-01,,True
1327,AURORA DO PARA,SPRF-PA,2026-01-01,,True
1328,FLORESTAL,SPRF-MG,2026-01-01,,True
1329,PUGMIL,SPRF-TO,2026-01-01,,True
1330,JACOBINA,SPRF-BA,2026-01-01,,True
1331,PAU DOS FERROS,SPRF-RN,2026-01-01,,True
1332,IBIPORA,SPRF-PR,2026-01-01,,True
1333,JATOBA,SPRF-BA,2026-01-01,,True
1334,GOVERNADOR NUNES FREIRE,SPRF-MA,2026-01-01,,True
1335,CRISTOPOLIS,SPRF-BA,2026-01-01,,True
1336,ARAGARCAS,SPRF-GO,2026-01-01,,True
1337,PRIMEIRA CRUZ,SPRF-MA,2026-01-01,,True
1338,BARAO,SPRF-RS,2026-01-01,,True
1339,CARDOSO MOREIRA,SPRF-RJ,2026-01-01,,True
1340,GURINHEM,SPRF-PB,2026-01-01,,True
1341,TENENTE LAURENTINO CRUZ,SPRF-RN,2026-01-01,,True
1342,CARAUBAS DO PIAUI,SPRF-PI,2026-01-01,,True
1343,NOVA LACERDA,SPRF-MT,2026-01-01,,True
1344,SANTA MARGARIDA DO SUL,SPRF-RS,2026-01-01,,True
1345,ALEXANIA,SPRF-GO,2026-01-01,,True
1346,TALISMA,SPRF-TO,2026-01-01,,True
1347,ESTREITO,SPRF-MA,2026-01-01,,True
1348,ALPERCATA,SPRF-MG,2026-01-01,,True
1349,IGARAPE-ACU,SPRF-PA,2026-01-01,,True
1350,VILA BOA,SPRF-DF,2026-01-01,,True
1351,CONDADO,SPRF-PB,2026-01-01,,True
1352,VICENTINA,SPRF-MS,2026-01-01,,True
1353,MALTA,SPRF-PB,2026-01-01,,True
1354,EXTREMOZ,SPRF-RN,2026-01-01,,True
1355,COLONIA DO GURGUEIA,SPRF-PI,2026-01-01,,True
1356,CRUZEIRO DO SUL,SPRF-AC,2026-01-01,,True
1357,CANDIOTA,SPRF-RS,2026-01-01,,True
1358,BALNEARIO BARRA DO SUL,SPRF-SC,2026-01-01,,True
1359,UNIAO DOS PALMARES,SPRF-AL,2026-01-01,,True
1360,VENTUROSA,SPRF-PE,2026-01-01,,True
1361,SAO JOSE DO CERRITO,SPRF-SC,2026-01-01,,True
1362,VARGEAO,SPRF-SC,2026-01-01,,True
1363,URUARA,SPRF-PA,2026-01-01,,True
1364,PRACUUBA,SPRF-AP,2026-01-01,,True
1365,GAVIAO,SPRF-BA,2026-01-01,,True
1366,PEIXE-BOI,SPRF-PA,2026-01-01,,True
1367,JATAIZINHO,SPRF-PR,2026-01-01,,True
1368,ITAPORANGA,SPRF-PB,2026-01-01,,True
1369,MARIZOPOLIS,SPRF-PB,2026-01-01,,True
1370,SANTO CRISTO,SPRF-RS,2026-01-01,,True
1371,PEJUCARA,SPRF-RS,2026-01-01,,True
1372,CAJAZEIRAS,SPRF-PB,2026-01-01,,True
1373,MASSARANDUBA,SPRF-PB,2026-01-01,,True
1374,AREIA BRANCA,SPRF-RN,2026-01-01,,True
1375,ITAU,SPRF-RN,2026-01-01,,True
1376,CEDRO DE SAO JOAO,SPRF-SE,2026-01-01,,True
1377,RAFAEL FERNANDES,SPRF-RN,2026-01-01,,True
1378,ACRELANDIA,SPRF-AC,2026-01-01,,True
1379,ROSARIO,SPRF-MA,2026-01-01,,True
1380,ARAMBARE,SPRF-RS,2026-01-01,,True
1381,PAULISTANA,SPRF-PI,2026-01-01,,True
1382,SERITINGA,SPRF-MG,2026-01-01,,True
1383,MAMANGUAPE,SPRF-PB,2026-01-01,,True
1384,TANGARA,SPRF-RN,2026-01-01,,True
1385,SAO JOAO DO RIO DO PEIXE,SPRF-PB,2026-01-01,,True
1386,JAGUARAO,SPRF-RS,2026-01-01,,True
1387,CERRO LARGO,SPRF-RS,2026-01-01,,True
1388,CAXAMBU,SPRF-MG,2026-01-01,,True
1389,UAUA,SPRF-BA,2026-01-01,,True
1390,PATROCINIO DO MURIAE,SPRF-MG,2026-01-01,,True
1391,BARAO DE COTEGIPE,SPRF-RS,2026-01-01,,True
1392,CACAULANDIA,SPRF-RO,2026-01-01,,True
1393,PALMEIRA DOS INDIOS,SPRF-AL,2026-01-01,,True
1394,NAZARE DA MATA,SPRF-PE,2026-01-01,,True
1395,CONCEICAO DE MACABU,SPRF-RJ,2026-01-01,,True
1396,LAGOA SECA,SPRF-PB,2026-01-01,,True
1397,SAO JOAO,SPRF-PE,2026-01-01,,True
1398,DOIS IRMAOS,SPRF-RS,2026-01-01,,True
1399,FRANCISCO SANTOS,SPRF-PI,2026-01-01,,True
1400,SAO FERNANDO,SPRF-RN,2026-01-01,,True
1401,SAO LUIZ GONZAGA,SPRF-RS,2026-01-01,,True
1402,ALHANDRA,SPRF-PB,2026-01-01,,True
1403,FORMIGUEIRO,SPRF-RS,2026-01-01,,True
1404,PATOS,SPRF-PB,2026-01-01,,True
1405,NAQUE,SPRF-MG,2026-01-01,,True
1406,SANTA BARBARA DO SUL,SPRF-RS,2026-01-01,,True
1407,SOBRADO,SPRF-PB,2026-01-01,,True
1408,MONTE ALEGRE DO PIAUI,SPRF-PI,2026-01-01,,True
1409,RAPOSOS,SPRF-MG,2026-01-01,,True
1410,SAO PAULO,NÃO INFORMADO,2026-01-01,,True
1411,PORTO XAVIER,SPRF-RS,2026-01-01,,True
1412,PAVERAMA,SPRF-RS,2026-01-01,,True
1413,GUAJARA-MIRIM,SPRF-RO,2026-01-01,,True
1414,MUZAMBINHO,SPRF-MG,2026-01-01,,True
1415,SAO SEBASTIAO DE LAGOA DE  ROCA,SPRF-PB,2026-01-01,,True
1416,BANDEIRANTES,SPRF-PR,2026-01-01,,True
1417,PESCARIA BRAVA,SPRF-SC,2026-01-01,,True
1418,LINS,SPRF-SP,2026-01-01,,True
1419,SANTA ROSA,SPRF-RS,2026-01-01,,True
1420,PANTANO GRANDE,SPRF-RS,2026-01-01,,True
1421,VILA BELA DA SANTISSIMA TRINDADE,SPRF-MT,2026-01-01,,True
1422,MATOZINHOS,SPRF-MG,2026-01-01,,True
1423,DIAMANTE DO SUL,SPRF-PR,2026-01-01,,True
1424,SAO MIGUEL DE TAIPU,SPRF-PB,2026-01-01,,True
1425,GUAMIRANGA,SPRF-PR,2026-01-01,,True
1426,CACHOEIRINHA,SPRF-RS,2026-01-01,,True
1427,SANTA CRUZ,SPRF-RN,2026-01-01,,True
1428,JANDAIA,SPRF-GO,2026-01-01,,True
1429,SAO JOSE DO SUL,SPRF-RS,2026-01-01,,True
1430,BOA VISTA,SPRF-RR,2026-01-01,,True
1431,PIRACURUCA,SPRF-PI,2026-01-01,,True
1432,GANDU,SPRF-BA,2026-01-01,,True
1433,PRESIDENTE TANCREDO NEVES,SPRF-BA,2026-01-01,,True
1434,CAMAPUA,SPRF-MS,2026-01-01,,True
1435,FELIPE GUERRA,SPRF-RN,2026-01-01,,True
1436,ANASTACIO,SPRF-MS,2026-01-01,,True
1437,CAMARAGIBE,SPRF-PE,2026-01-01,,True
1438,JURANDA,SPRF-PR,2026-01-01,,True
1439,CANAPI,SPRF-AL,2026-01-01,,True
1440,DOM PEDRO,SPRF-MA,2026-01-01,,True
1441,TAQUARITINGA DO NORTE,SPRF-PE,2026-01-01,,True
1442,CAMBIRA,SPRF-PR,2026-01-01,,True
1443,OLIVEIRA DE FATIMA,SPRF-TO,2026-01-01,,True
1444,NEPOMUCENO,SPRF-MG,2026-01-01,,True
1445,MATARACA,SPRF-PB,2026-01-01,,True
1446,QUIXABEIRA,SPRF-BA,2026-01-01,,True
1447,SAO GONCALO DOS CAMPOS,SPRF-BA,2026-01-01,,True
1448,URUCUCA,SPRF-BA,2026-01-01,,True
1449,CRUZ ALTA,SPRF-RS,2026-01-01,,True
1450,PADRE BERNARDO,SPRF-DF,2026-01-01,,True
1451,FATIMA DO SUL,SPRF-MS,2026-01-01,,True
1452,IBIRAPUA,SPRF-BA,2026-01-01,,True
1453,CALDAS,SPRF-MG,2026-01-01,,True
1454,VITORIA,SPRF-ES,2026-01-01,,True
1455,BRAGANCA,SPRF-PA,2026-01-01,,True
1456,LARANJAL,SPRF-MG,2026-01-01,,True
1457,CARLOS BARBOSA,SPRF-RS,2026-01-01,,True
1458,PLANALTO,SPRF-PR,2026-01-01,,True
1459,TIRADENTES DO SUL,SPRF-RS,2026-01-01,,True
1460,CANTA,SPRF-RR,2026-01-01,,True
1461,MARIPA DE MINAS,SPRF-MG,2026-01-01,,True
1462,SANTA FILOMENA DO MARANHAO,SPRF-MA,2026-01-01,,True
1463,LAJE,SPRF-BA,2026-01-01,,True
1464,COXILHA,SPRF-RS,2026-01-01,,True
1465,MARANHAOZINHO,SPRF-MA,2026-01-01,,True
1466,OIAPOQUE,SPRF-AP,2026-01-01,,True
1467,CARIRA,SPRF-SE,2026-01-01,,True
1468,BOTELHOS,SPRF-MG,2026-01-01,,True
1469,RIO PRETO DA EVA,SPRF-AM,2026-01-01,,True
1470,LIBERDADE,SPRF-MG,2026-01-01,,True
1471,BRASILIA,NÃO INFORMADO,2026-01-01,,True
1472,HULHA NEGRA,SPRF-RS,2026-01-01,,True
1473,ROQUE GONZALES,SPRF-RS,2026-01-01,,True
1474,FORQUETINHA,SPRF-RS,2026-01-01,,True
1475,PIRATINI,SPRF-RS,2026-01-01,,True
1476,DILERMANDO DE AGUIAR,SPRF-RS,2026-01-01,,True
1477,URAI,SPRF-PR,2026-01-01,,True
1478,DESTERRO DE ENTRE RIOS,SPRF-MG,2026-01-01,,True
1479,ALFREDO VASCONCELOS,SPRF-MG,2026-01-01,,True
1480,RIO AZUL,SPRF-PR,2026-01-01,,True
1481,ARARI,SPRF-MA,2026-01-01,,True
1482,SANTA LUZIA DO PARUA,SPRF-MA,2026-01-01,,True
1483,PAULISTA,SPRF-PB,2026-01-01,,True
1484,SAO FRANCISCO,SPRF-SE,2026-01-01,,True
1485,NEOPOLIS,SPRF-SE,2026-01-01,,True
1486,COCAL DE TELHA,SPRF-PI,2026-01-01,,True
1487,TEOLANDIA,SPRF-BA,2026-01-01,,True
1488,MARMELEIRO,SPRF-PR,2026-01-01,,True
1489,SANTO ANGELO,SPRF-RS,2026-01-01,,True
1490,TACAIMBO,SPRF-PE,2026-01-01,,True
1491,CAMPO NOVO,SPRF-RS,2026-01-01,,True
1492,MARAU,SPRF-BA,2026-01-01,,True
1493,QUATIPURU,SPRF-PA,2026-01-01,,True
1494,JARDIM DO SERIDO,SPRF-RN,2026-01-01,,True
1495,MORMACO,SPRF-RS,2026-01-01,,True
1496,RIO DE JANEIRO,SPRF-RS,2026-01-01,,True
1497,MARAVILHA,SPRF-AL,2026-01-01,,True
1498,CAMPO NOVO DO PARECIS,SPRF-MT,2026-01-01,,True
1499,PALMITOS,SPRF-SC,2026-01-01,,True
1500,CAMPO DO TENENTE,SPRF-PR,2026-01-01,,True
1501,OLINDINA,SPRF-BA,2026-01-01,,True
1502,TRACUNHAEM,SPRF-PE,2026-01-01,,True
1503,GOVERNADOR EDISON LOBAO,SPRF-MA,2026-01-01,,True
1504,BANDEIRA DO SUL,SPRF-MG,2026-01-01,,True
1505,ICARAIMA,SPRF-PR,2026-01-01,,True
1506,ARARUNA,SPRF-PR,2026-01-01,,True
1507,MANCIO LIMA,SPRF-AC,2026-01-01,,True
1508,NOVA PRATA,SPRF-RS,2026-01-01,,True
1509,INHAPI,SPRF-AL,2026-01-01,,True
1510,SANTA LUZIA,SPRF-PB,2026-01-01,,True
1511,QUIPAPA,SPRF-PE,2026-01-01,,True
1512,BELA VISTA,SPRF-MS,2026-01-01,,True
1513,FLORESTA,SPRF-PE,2026-01-01,,True
1514,JAPIRA,SPRF-PR,2026-01-01,,True
1515,BOM JESUS,SPRF-RN,2026-01-01,,True
1516,NOVA IBIA,SPRF-BA,2026-01-01,,True
1517,FRANCISCO MACEDO,SPRF-PI,2026-01-01,,True
1518,UIRAUNA,SPRF-PB,2026-01-01,,True
1519,QUARAI,SPRF-RS,2026-01-01,,True
1520,MURITIBA,SPRF-BA,2026-01-01,,True
1521,CONSELHEIRO MAIRINCK,SPRF-PR,2026-01-01,,True
1522,MAE DO RIO,SPRF-PA,2026-01-01,,True
1523,SILVANOPOLIS,SPRF-TO,2026-01-01,,True
1524,TORRES,SPRF-RS,2026-01-01,,True
1525,GURINHATA,SPRF-MG,2026-01-01,,True
1526,MONTE NEGRO,SPRF-RO,2026-01-01,,True
1527,PEDRO ALEXANDRE,SPRF-SE,2026-01-01,,True
1528,MUCAJAI,SPRF-RR,2026-01-01,,True
1529,CATANDUVAS,SPRF-PR,2026-01-01,,True
1530,ARAGUANA,SPRF-MA,2026-01-01,,True
1531,SAO LUIS DO CURU,SPRF-CE,2026-01-01,,True
1532,MEDICILANDIA,SPRF-PA,2026-01-01,,True
1533,RIO DO FOGO,SPRF-RN,2026-01-01,,True
1534,CALCADO,SPRF-PE,2026-01-01,,True
1535,RIACHAO DO BACAMARTE,SPRF-PB,2026-01-01,,True
1536,GILBUES,SPRF-PI,2026-01-01,,True
1537,TORITAMA,SPRF-PE,2026-01-01,,True
1538,BELMONTE,SPRF-BA,2026-01-01,,True
1539,JOAQUIM NABUCO,SPRF-PE,2026-01-01,,True
1540,PROMISSAO,SPRF-SP,2026-01-01,,True
1541,ASSUNCAO,SPRF-PB,2026-01-01,,True
1542,ARROIO DOS RATOS,SPRF-RS,2026-01-01,,True
1543,VALENCA,SPRF-BA,2026-01-01,,True
1544,FLORIANOPOLIS,UNIPRF,2026-01-01,,True
1545,SANTA FILOMENA,SPRF-PI,2026-01-01,,True
1546,CLARO DOS POCOES,SPRF-MG,2026-01-01,,True
1547,REMIGIO,SPRF-PB,2026-01-01,,True
1548,GLORIA DE DOURADOS,SPRF-MS,2026-01-01,,True
1549,PARANAIGUARA,SPRF-GO,2026-01-01,,True
1550,VERISSIMO,SPRF-MG,2026-01-01,,True
1551,CAMPANARIO,SPRF-MG,2026-01-01,,True
1552,MORRO REDONDO,SPRF-RS,2026-01-01,,True
1553,BOM PRINCIPIO DO PIAUI,SPRF-PI,2026-01-01,,True
1554,BURITI DOS LOPES,SPRF-PI,2026-01-01,,True
1555,SAO PEDRO DO PIAUI,SPRF-PI,2026-01-01,,True
1556,MAXARANGUAPE,SPRF-RN,2026-01-01,,True
1557,CAREIRO,SPRF-AM,2026-01-01,,True
1558,FERNANDO PEDROZA,SPRF-RN,2026-01-01,,True
1559,VARGEM GRANDE,SPRF-MA,2026-01-01,,True
1560,IBEMA,SPRF-PR,2026-01-01,,True
1561,UBATA,SPRF-BA,2026-01-01,,True
1562,SAO JOSE DO INHACORA,SPRF-RS,2026-01-01,,True
1563,LAGOA GRANDE,SPRF-PE,2026-01-01,,True
1564,PACARAIMA,SPRF-RR,2026-01-01,,True
1565,CASSILANDIA,SPRF-MS,2026-01-01,,True
1566,MERCEDES,SPRF-PR,2026-01-01,,True
1567,PORTO MURTINHO,SPRF-MS,2026-01-01,,True
1568,QUATRO PONTES,SPRF-PR,2026-01-01,,True
1569,MACEIO,SPRF-AL,2026-01-01,,True
1570,SAO MIGUEL ARCANJO,SPRF-SP,2026-01-01,,True
1571,CEREJEIRAS,SPRF-RO,2026-01-01,,True
1572,SANTA RITA DO NOVO DESTINO,SPRF-GO,2026-01-01,,True
1573,MONTE ALEGRE DOS CAMPOS,SPRF-RS,2026-01-01,,True
1574,MATRIZ DE CAMARAGIBE,SPRF-AL,2026-01-01,,True
1575,CRUZ DO ESPIRITO SANTO,SPRF-PB,2026-01-01,,True
1576,PORTELANDIA,SPRF-GO,2026-01-01,,True
1577,RIO DAS FLORES,SPRF-RJ,2026-01-01,,True
1578,BELA VISTA DE GOIAS,SPRF-GO,2026-01-01,,True
1579,ONDA VERDE,SPRF-SP,2026-01-01,,True
1580,LAJES,SPRF-RN,2026-01-01,,True
1581,PUXINANA,SPRF-PB,2026-01-01,,True
1582,BARRA DE SANTANA,SPRF-PB,2026-01-01,,True
1583,JANIOPOLIS,SPRF-PR,2026-01-01,,True
1584,BOA VISTA DO BURICA,SPRF-RS,2026-01-01,,True
1585,VERDEJANTE,SPRF-PE,2026-01-01,,True
1586,PEROLA DOESTE,SPRF-PR,2026-01-01,,True
1587,ITUPIRANGA,SPRF-PA,2026-01-01,,True
1588,APARECIDA DO RIO DOCE,SPRF-GO,2026-01-01,,True
1589,ANDRE DA ROCHA,SPRF-RS,2026-01-01,,True
1590,SANTA LUZ,SPRF-PI,2026-01-01,,True
1591,TARAUACA,SPRF-AC,2026-01-01,,True
1592,RAFAEL GODEIRO,SPRF-RN,2026-01-01,,True
1593,POCO BRANCO,SPRF-RN,2026-01-01,,True
1594,SAO JOAO DO ARAGUAIA,SPRF-PA,2026-01-01,,True
1595,PASSO DE TORRES,SPRF-RS,2026-01-01,,True
1596,ARAGUATINS,SPRF-TO,2026-01-01,,True
1597,DEMERVAL LOBAO,SPRF-PI,2026-01-01,,True
1598,MUQUI,SPRF-ES,2026-01-01,,True
1599,CIPO,SPRF-BA,2026-01-01,,True
1600,BARRACAO,SPRF-PR,2026-01-01,,True
1601,IVOTI,SPRF-RS,2026-01-01,,True
1602,BAIA FORMOSA,SPRF-RN,2026-01-01,,True
1603,MATOES,SPRF-MA,2026-01-01,,True
1604,TIMBE DO SUL,SPRF-SC,2026-01-01,,True
1605,AGUAS BELAS,SPRF-AL,2026-01-01,,True
1606,SAO JOSE DO VALE DO RIO PRETO,SPRF-RJ,2026-01-01,,True
1607,ARES,SPRF-RN,2026-01-01,,True
1608,SANTA CRUZ CABRALIA,SPRF-BA,2026-01-01,,True
1609,DUERE,SPRF-TO,2026-01-01,,True
1610,JAPOATA,SPRF-SE,2026-01-01,,True
1611,SERRA CAIADA,SPRF-RN,2026-01-01,,True
1612,CARMO,SPRF-RJ,2026-01-01,,True
1613,BAIXIO,SPRF-CE,2026-01-01,,True
1614,LUZINOPOLIS,SPRF-TO,2026-01-01,,True
1615,SAO MAMEDE,SPRF-PB,2026-01-01,,True
1616,HUMBERTO DE CAMPOS,SPRF-MA,2026-01-01,,True
1617,SAO VICENTE,SPRF-RN,2026-01-01,,True
1618,VILA FLORES,SPRF-RS,2026-01-01,,True
1619,SAO BENTINHO,SPRF-PB,2026-01-01,,True
1620,OROCO,SPRF-PE,2026-01-01,,True
1621,OLIVEDOS,SPRF-PB,2026-01-01,,True
1622,ANAPU,SPRF-PA,2026-01-01,,True
1623,CAREIRO DA VARZEA,SPRF-AM,2026-01-01,,True
1624,FORMOSO DO ARAGUAIA,SPRF-TO,2026-01-01,,True
1625,GOIANIA,SPRF-DF,2026-01-01,,True
1626,SAO PEDRO DO BUTIA,SPRF-RS,2026-01-01,,True
1627,CONCEICAO DAS ALAGOAS,SPRF-MG,2026-01-01,,True
1628,CORONEL BARROS,SPRF-RS,2026-01-01,,True
1629,PORTO ESPERIDIAO,SPRF-MT,2026-01-01,,True
1630,ENCRUZILHADA,SPRF-BA,2026-01-01,,True
1631,MATO CASTELHANO,SPRF-RS,2026-01-01,,True
1632,PEDRO AFONSO,SPRF-TO,2026-01-01,,True
1633,ANTONIO MARTINS,SPRF-RN,2026-01-01,,True
1634,MARANGUAPE,SPRF-CE,2026-01-01,,True
1635,CAPIXABA,SPRF-AC,2026-01-01,,True
1636,GLORIA DOESTE,SPRF-MT,2026-01-01,,True
1637,CABO VERDE,SPRF-MG,2026-01-01,,True
1638,CERRO AZUL,SPRF-PR,2026-01-01,,True
1639,MOGEIRO,SPRF-PB,2026-01-01,,True
1640,IPAMERI,SPRF-GO,2026-01-01,,True
1641,ESPERANCA,SPRF-PB,2026-01-01,,True
1642,IBIMIRIM,SPRF-PE,2026-01-01,,True
1643,IPIRANGA DO PIAUI,SPRF-PI,2026-01-01,,True
1644,NOSSA SENHORA DO LIVRAMENTO,SPRF-MT,2026-01-01,,True
1645,PLACAS,SPRF-PA,2026-01-01,,True
1646,SALTO GRANDE,SPRF-SP,2026-01-01,,True
1647,CANGUARETAMA,SPRF-RN,2026-01-01,,True
1648,SAO JOSE DOS AUSENTES,SPRF-RS,2026-01-01,,True
1649,TABULEIRO DO NORTE,SPRF-CE,2026-01-01,,True
1650,ITANHANDU,SPRF-MG,2026-01-01,,True
1651,POCO DANTAS,SPRF-PB,2026-01-01,,True
1652,VITORIA DA CONQUISTA,SPRF-PE,2026-01-01,,True
1653,THEOBROMA,SPRF-RO,2026-01-01,,True
1654,MIRANDIBA,SPRF-PE,2026-01-01,,True
1655,FAROL,SPRF-PR,2026-01-01,,True
1656,ROLANDIA,SPRF-PR,2026-01-01,,True
1657,FREI PAULO,SPRF-SE,2026-01-01,,True
1658,PARAISO,SPRF-SC,2026-01-01,,True
1659,TARUMIRIM,SPRF-MG,2026-01-01,,True
1660,PARANATAMA,SPRF-PE,2026-01-01,,True
1661,CASA NOVA,SPRF-BA,2026-01-01,,True
1662,IRUPI,SPRF-ES,2026-01-01,,True
1663,JUAZEIRINHO,SPRF-PB,2026-01-01,,True
1664,IBARETAMA,SPRF-CE,2026-01-01,,True
1665,SAO PEDRO DO TURVO,SPRF-SP,2026-01-01,,True
1666,JAURU,SPRF-MT,2026-01-01,,True
1667,SAO JOSE DAS MISSOES,SPRF-RS,2026-01-01,,True
1668,SAPEACU,SPRF-BA,2026-01-01,,True
1669,SETE DE SETEMBRO,SPRF-RS,2026-01-01,,True
1670,TUPANCI DO SUL,SPRF-RS,2026-01-01,,True
1671,OCARA,SPRF-CE,2026-01-01,,True
1672,ANAURILANDIA,SPRF-MS,2026-01-01,,True
1673,AXIXA,SPRF-MA,2026-01-01,,True
1674,MARITUBA,SPRF-PA,2026-01-01,,True
1675,TRES ARROIOS,SPRF-RS,2026-01-01,,True
1676,BARRA DO QUARAI,SPRF-RS,2026-01-01,,True
1677,ITAJUIPE,SPRF-BA,2026-01-01,,True
1678,SERRA BRANCA,SPRF-PB,2026-01-01,,True
1679,MAJOR SALES,SPRF-RN,2026-01-01,,True
1680,TUNEIRAS DO OESTE,SPRF-PR,2026-01-01,,True
1681,MARCELINO RAMOS,SPRF-RS,2026-01-01,,True
1682,AGUA FRIA DE GOIAS,SPRF-DF,2026-01-01,,True
1683,ERMO,SPRF-SC,2026-01-01,,True
1684,MONCAO,SPRF-MA,2026-01-01,,True
1685,JOSE DA PENHA,SPRF-RN,2026-01-01,,True
1686,ITAQUARA,SPRF-BA,2026-01-01,,True
1687,FRUTUOSO GOMES,SPRF-RN,2026-01-01,,True
1688,COMODORO,SPRF-RO,2026-01-01,,True
1689,SILVEIRAS,SPRF-SP,2026-01-01,,True
1690,BREJAO,SPRF-PE,2026-01-01,,True
1691,LAJEADO NOVO,SPRF-MA,2026-01-01,,True
1692,BOM PROGRESSO,SPRF-RS,2026-01-01,,True
1693,FERREIRA GOMES,SPRF-AP,2026-01-01,,True
1694,LAURENTINO,SPRF-SC,2026-01-01,,True
1695,TAQUARI,SPRF-RS,2026-01-01,,True
1696,ABARE,SPRF-PE,2026-01-01,,True
1697,CASTILHO,SPRF-MS,2026-01-01,,True
1698,NOVA SOURE,SPRF-BA,2026-01-01,,True
1699,CAMPO GRANDE DO PIAUI,SPRF-PI,2026-01-01,,True
1700,FRONTEIRAS,SPRF-PI,2026-01-01,,True
1701,JIQUIRICA,SPRF-BA,2026-01-01,,True
1702,ITAPEJARA DOESTE,SPRF-PR,2026-01-01,,True
1703,BATALHA,SPRF-PI,2026-01-01,,True
1704,IPATINGA,SPRF-MG,2026-01-01,,True
1705,SAO FRANCISCO DO GUAPORE,SPRF-RO,2026-01-01,,True
1706,ESPERANTINA,SPRF-PI,2026-01-01,,True
1707,BREJETUBA,SPRF-ES,2026-01-01,,True
1708,JATEI,SPRF-MS,2026-01-01,,True
1709,JAICOS,SPRF-PI,2026-01-01,,True
1710,ARAGUAINA,NOVA REGIONAL,2026-06-26,,True
1711,SAO GONCALO DO AMARANTE,SPRF-RN,2026-06-26,,True
1712,PARNAMIRIM,SPRF-PE,2026-06-26,,True
1713,RIO VERDE,SPRF-DF,2026-06-26,,True
1714,SANTA LUZIA,SPRF-MA,2026-06-26,,True
1715,SARANDI,SPRF-PR,2026-06-26,,True
1716,GENERAL CARNEIRO,SPRF-PR,2026-06-26,,True
1717,COCALZINHO DE GOIAS,SPRF-GO,2026-06-26,,True
1718,SANTA RITA,SPRF-PB,2026-06-26,,True
1719,JUAZEIRO,SPRF-PE,2026-06-26,,True
1720,ALTAMIRA,SPRF-MT,2026-06-26,,True
1721,NOVO PROGRESSO,SPRF-PA,2026-06-26,,True
1722,SOLEDADE,SPRF-RS,2026-06-26,,True
1723,SANTA TERESINHA,SPRF-PB,2026-06-26,,True
1724,SANTA MARIA,SPRF-RN,2026-06-26,,True
1725,VARGEM,SPRF-SP,2026-06-26,,True
1726,MILAGRES,SPRF-CE,2026-06-26,,True
1727,CASCAVEL,SPRF-CE,2026-06-26,,True
1728,CACHOEIRINHA,SPRF-TO,2026-06-26,,True
1729,TRINDADE,SPRF-GO,2026-06-26,,True
1730,BOM JESUS,SPRF-PI,2026-06-26,,True
1731,CACHOEIRA DE PAJEU,SPRF-BA,2026-06-26,,True
1732,JEREMOABO,SPRF-SE,2026-06-26,,True
1733,CAPANEMA,SPRF-PR,2026-06-26,,True
1734,ALEXANIA,SPRF-GO,2026-06-26,,True
1735,AREIA BRANCA,SPRF-RN,2026-06-26,,True
1736,SAO PAULO,NÃO INFORMADO,2026-06-26,,True
1737,BANDEIRANTES,SPRF-PR,2026-06-26,,True
1738,CACHOEIRINHA,SPRF-RS,2026-06-26,,True
1739,PLANALTO,SPRF-PR,2026-06-26,,True
1740,BRASILIA,NÃO INFORMADO,2026-06-26,,True
1741,PAULISTA,SPRF-PB,2026-06-26,,True
1742,RIO DE JANEIRO,SPRF-RS,2026-06-26,,True
1743,MARAVILHA,SPRF-AL,2026-06-26,,True
1744,SANTA LUZIA,SPRF-PB,2026-06-26,,True
1745,BOM JESUS,SPRF-RN,2026-06-26,,True
1746,CATANDUVAS,SPRF-PR,2026-06-26,,True
1747,FLORIANOPOLIS,UNIPRF,2026-06-26,,True
1748,LAGOA GRANDE,SPRF-PE,2026-06-26,,True
1749,PASSO DE TORRES,SPRF-RS,2026-06-26,,True
1750,BARRACAO,SPRF-PR,2026-06-26,,True
1751,GOIANIA,SPRF-DF,2026-06-26,,True
1752,IPAMERI,SPRF-GO,2026-06-26,,True
1753,VITORIA DA CONQUISTA,SPRF-PE,2026-06-26,,True
1754,COMODORO,SPRF-RO,2026-06-26,,True
