sk_acidente,causa_acidente,tipo_acidente,classificacao_acidente
1,OBJETO ESTÁTICO SOBRE O LEITO CARROÇÁVEL,TOMBAMENTO,NÃO INFORMADO
2,CONDUTOR DORMINDO,COLISÃO FRONTAL,COM VÍTIMAS FERIDAS
3,REAÇÃO TARDIA OU INEFICIENTE DO CONDUTOR,COLISÃO LATERAL MESMO SENTIDO,COM VÍTIMAS FERIDAS
4,REAÇÃO TARDIA OU INEFICIENTE DO CONDUTOR,COLISÃO TRASEIRA,COM VÍTIMAS FERIDAS
5,TRANSITAR NA CONTRAMÃO,COLISÃO FRONTAL,COM VÍTIMAS FERIDAS
6,VELOCIDADE INCOMPATÍVEL,COLISÃO COM OBJETO,COM VÍTIMAS FERIDAS
7,CHUVA,COLISÃO FRONTAL,COM VÍTIMAS FERIDAS
8,VELOCIDADE INCOMPATÍVEL,COLISÃO TRASEIRA,SEM VÍTIMAS
9,FREAR BRUSCAMENTE,INCÊNDIO,SEM VÍTIMAS
10,AUSÊNCIA DE REAÇÃO DO CONDUTOR,COLISÃO COM OBJETO,COM VÍTIMAS FERIDAS
11,ULTRAPASSAGEM INDEVIDA,SAÍDA DE LEITO CARROÇÁVEL,SEM VÍTIMAS
12,TRANSITAR NO ACOSTAMENTO,COLISÃO FRONTAL,COM VÍTIMAS FERIDAS
13,CHUVA,SAÍDA DE LEITO CARROÇÁVEL,COM VÍTIMAS FERIDAS
14,DEMAIS FALHAS MECÂNICAS OU ELÉTRICAS,INCÊNDIO,SEM VÍTIMAS
15,SUICÍDIO (PRESUMIDO),ATROPELAMENTO DE PEDESTRE,COM VÍTIMAS FERIDAS
16,CHUVA,COLISÃO LATERAL SENTIDO OPOSTO,SEM VÍTIMAS
17,MANOBRA DE MUDANÇA DE FAIXA,COLISÃO LATERAL SENTIDO OPOSTO,SEM VÍTIMAS
18,VELOCIDADE INCOMPATÍVEL,SAÍDA DE LEITO CARROÇÁVEL,COM VÍTIMAS FERIDAS
19,MANOBRA DE MUDANÇA DE FAIXA,SAÍDA DE LEITO CARROÇÁVEL,COM VÍTIMAS FERIDAS
20,REAÇÃO TARDIA OU INEFICIENTE DO CONDUTOR,SAÍDA DE LEITO CARROÇÁVEL,COM VÍTIMAS FERIDAS
21,CONDUTOR DORMINDO,SAÍDA DE LEITO CARROÇÁVEL,COM VÍTIMAS FERIDAS
22,MANOBRA DE MUDANÇA DE FAIXA,COLISÃO LATERAL MESMO SENTIDO,COM VÍTIMAS FERIDAS
23,DEMAIS FALHAS MECÂNICAS OU ELÉTRICAS,INCÊNDIO,COM VÍTIMAS FERIDAS
24,AUSÊNCIA DE REAÇÃO DO CONDUTOR,COLISÃO LATERAL SENTIDO OPOSTO,COM VÍTIMAS FERIDAS
25,CARGA EXCESSIVA E/OU MAL ACONDICIONADA,DERRAMAMENTO DE CARGA,COM VÍTIMAS FERIDAS
26,REAÇÃO TARDIA OU INEFICIENTE DO CONDUTOR,COLISÃO LATERAL SENTIDO OPOSTO,COM VÍTIMAS FERIDAS
27,AUSÊNCIA DE REAÇÃO DO CONDUTOR,COLISÃO TRASEIRA,COM VÍTIMAS FERIDAS
28,CONDUTOR DEIXOU DE MANTER DISTÂNCIA DO VEÍCULO DA FRENTE,COLISÃO TRASEIRA,COM VÍTIMAS FERIDAS
29,DESRESPEITAR A PREFERÊNCIA NO CRUZAMENTO,COLISÃO TRANSVERSAL,COM VÍTIMAS FATAIS
30,VELOCIDADE INCOMPATÍVEL,COLISÃO FRONTAL,COM VÍTIMAS FATAIS
31,AUSÊNCIA DE REAÇÃO DO CONDUTOR,SAÍDA DE LEITO CARROÇÁVEL,COM VÍTIMAS FERIDAS
32,CARGA EXCESSIVA E/OU MAL ACONDICIONADA,COLISÃO LATERAL SENTIDO OPOSTO,COM VÍTIMAS FERIDAS
33,ACESSAR A VIA SEM OBSERVAR A PRESENÇA DOS OUTROS VEÍCULOS,COLISÃO TRANSVERSAL,COM VÍTIMAS FERIDAS
34,VELOCIDADE INCOMPATÍVEL,COLISÃO TRASEIRA,COM VÍTIMAS FERIDAS
35,ULTRAPASSAGEM INDEVIDA,COLISÃO LATERAL MESMO SENTIDO,COM VÍTIMAS FERIDAS
36,CONDUTOR USANDO CELULAR,COLISÃO LATERAL SENTIDO OPOSTO,COM VÍTIMAS FERIDAS
37,ACESSAR A VIA SEM OBSERVAR A PRESENÇA DOS OUTROS VEÍCULOS,COLISÃO LATERAL MESMO SENTIDO,COM VÍTIMAS FATAIS
38,ACESSO IRREGULAR,COLISÃO TRASEIRA,COM VÍTIMAS FERIDAS
39,ENTRADA INOPINADA DO PEDESTRE,ATROPELAMENTO DE PEDESTRE,COM VÍTIMAS FATAIS
40,ACESSAR A VIA SEM OBSERVAR A PRESENÇA DOS OUTROS VEÍCULOS,ATROPELAMENTO DE PEDESTRE,COM VÍTIMAS FATAIS
41,PEDESTRE CRUZAVA A PISTA FORA DA FAIXA,ATROPELAMENTO DE PEDESTRE,COM VÍTIMAS FATAIS
42,DEFICIÊNCIA DO SISTEMA DE ILUMINAÇÃO/SINALIZAÇÃO,COLISÃO LATERAL MESMO SENTIDO,COM VÍTIMAS FATAIS
43,AUSÊNCIA DE REAÇÃO DO CONDUTOR,COLISÃO LATERAL MESMO SENTIDO,SEM VÍTIMAS
44,CONDUTOR DORMINDO,COLISÃO FRONTAL,COM VÍTIMAS FATAIS
45,ANIMAIS NA PISTA,COLISÃO LATERAL SENTIDO OPOSTO,COM VÍTIMAS FERIDAS
46,INGESTÃO DE ÁLCOOL PELO CONDUTOR,COLISÃO LATERAL SENTIDO OPOSTO,SEM VÍTIMAS
47,ULTRAPASSAGEM INDEVIDA,COLISÃO LATERAL MESMO SENTIDO,COM VÍTIMAS FATAIS
48,DESRESPEITAR A PREFERÊNCIA NO CRUZAMENTO,COLISÃO TRANSVERSAL,COM VÍTIMAS FERIDAS
49,DEMAIS FALHAS MECÂNICAS OU ELÉTRICAS,SAÍDA DE LEITO CARROÇÁVEL,COM VÍTIMAS FERIDAS
50,VELOCIDADE INCOMPATÍVEL,COLISÃO FRONTAL,COM VÍTIMAS FERIDAS
51,MANOBRA DE MUDANÇA DE FAIXA,COLISÃO TRANSVERSAL,COM VÍTIMAS FERIDAS
52,INGESTÃO DE ÁLCOOL PELO CONDUTOR,COLISÃO FRONTAL,SEM VÍTIMAS
53,TRANSITAR NA CONTRAMÃO,COLISÃO FRONTAL,SEM VÍTIMAS
54,AUSÊNCIA DE REAÇÃO DO CONDUTOR,COLISÃO FRONTAL,COM VÍTIMAS FATAIS
55,PEDESTRE ANDAVA NA PISTA,ATROPELAMENTO DE PEDESTRE,COM VÍTIMAS FERIDAS
56,ACOSTAMENTO EM DESNÍVEL,SAÍDA DE LEITO CARROÇÁVEL,COM VÍTIMAS FERIDAS
57,CONDUTOR DORMINDO,COLISÃO TRASEIRA,COM VÍTIMAS FERIDAS
58,AUSÊNCIA DE REAÇÃO DO CONDUTOR,COLISÃO FRONTAL,COM VÍTIMAS FERIDAS
59,ULTRAPASSAGEM INDEVIDA,COLISÃO LATERAL MESMO SENTIDO,SEM VÍTIMAS
60,REAÇÃO TARDIA OU INEFICIENTE DO CONDUTOR,TOMBAMENTO,COM VÍTIMAS FERIDAS
61,TRANSITAR NA CONTRAMÃO,COLISÃO FRONTAL,COM VÍTIMAS FATAIS
62,ULTRAPASSAGEM INDEVIDA,COLISÃO LATERAL SENTIDO OPOSTO,COM VÍTIMAS FERIDAS
63,REAÇÃO TARDIA OU INEFICIENTE DO CONDUTOR,EVENTOS ATÍPICOS,SEM VÍTIMAS
64,CONVERSÃO PROIBIDA,COLISÃO TRANSVERSAL,COM VÍTIMAS FERIDAS
65,DEMAIS FALHAS NA VIA,TOMBAMENTO,SEM VÍTIMAS
66,REAÇÃO TARDIA OU INEFICIENTE DO CONDUTOR,COLISÃO FRONTAL,COM VÍTIMAS FATAIS
67,CONDUTOR DORMINDO,COLISÃO LATERAL SENTIDO OPOSTO,COM VÍTIMAS FERIDAS
68,TRANSITAR NA CONTRAMÃO,COLISÃO LATERAL SENTIDO OPOSTO,COM VÍTIMAS FATAIS
69,VELOCIDADE INCOMPATÍVEL,TOMBAMENTO,COM VÍTIMAS FERIDAS
70,CHUVA,COLISÃO LATERAL SENTIDO OPOSTO,COM VÍTIMAS FERIDAS
71,OBJETO ESTÁTICO SOBRE O LEITO CARROÇÁVEL,COLISÃO TRASEIRA,COM VÍTIMAS FERIDAS
72,TRAFEGAR COM MOTOCICLETA (OU SIMILAR) ENTRE AS FAIXAS,COLISÃO FRONTAL,COM VÍTIMAS FATAIS
73,PISTA ESCORREGADIA,COLISÃO LATERAL SENTIDO OPOSTO,COM VÍTIMAS FERIDAS
74,REAÇÃO TARDIA OU INEFICIENTE DO CONDUTOR,ENGAVETAMENTO,COM VÍTIMAS FERIDAS
75,ULTRAPASSAGEM INDEVIDA,COLISÃO FRONTAL,COM VÍTIMAS FERIDAS
76,AUSÊNCIA DE REAÇÃO DO CONDUTOR,COLISÃO TRASEIRA,SEM VÍTIMAS
77,VELOCIDADE INCOMPATÍVEL,COLISÃO TRANSVERSAL,COM VÍTIMAS FERIDAS
78,MANOBRA DE MUDANÇA DE FAIXA,COLISÃO LATERAL SENTIDO OPOSTO,COM VÍTIMAS FATAIS
79,AVARIAS E/OU DESGASTE EXCESSIVO NO PNEU,COLISÃO COM OBJETO,COM VÍTIMAS FERIDAS
80,AVARIAS E/OU DESGASTE EXCESSIVO NO PNEU,COLISÃO TRASEIRA,COM VÍTIMAS FERIDAS
81,CONDUTOR DEIXOU DE MANTER DISTÂNCIA DO VEÍCULO DA FRENTE,ENGAVETAMENTO,COM VÍTIMAS FERIDAS
82,REAÇÃO TARDIA OU INEFICIENTE DO CONDUTOR,COLISÃO TRASEIRA,COM VÍTIMAS FATAIS
83,VELOCIDADE INCOMPATÍVEL,SAÍDA DE LEITO CARROÇÁVEL,COM VÍTIMAS FATAIS
84,ACESSAR A VIA SEM OBSERVAR A PRESENÇA DOS OUTROS VEÍCULOS,COLISÃO TRASEIRA,COM VÍTIMAS FERIDAS
85,ULTRAPASSAGEM INDEVIDA,SAÍDA DE LEITO CARROÇÁVEL,COM VÍTIMAS FERIDAS
86,AUSÊNCIA DE REAÇÃO DO CONDUTOR,INCÊNDIO,SEM VÍTIMAS
87,DESVIO TEMPORÁRIO,COLISÃO LATERAL MESMO SENTIDO,SEM VÍTIMAS
88,CONDUTOR DEIXOU DE MANTER DISTÂNCIA DO VEÍCULO DA FRENTE,COLISÃO TRASEIRA,SEM VÍTIMAS
89,ULTRAPASSAGEM INDEVIDA,COLISÃO TRASEIRA,SEM VÍTIMAS
90,CONDUTOR DORMINDO,COLISÃO COM OBJETO,COM VÍTIMAS FERIDAS
91,INGESTÃO DE ÁLCOOL PELO CONDUTOR,COLISÃO FRONTAL,COM VÍTIMAS FATAIS
92,DEMAIS FALHAS MECÂNICAS OU ELÉTRICAS,TOMBAMENTO,SEM VÍTIMAS
93,DEFICIÊNCIA DO SISTEMA DE ILUMINAÇÃO/SINALIZAÇÃO,COLISÃO COM OBJETO,COM VÍTIMAS FATAIS
94,ULTRAPASSAGEM INDEVIDA,COLISÃO TRANSVERSAL,COM VÍTIMAS FERIDAS
95,CONVERSÃO PROIBIDA,COLISÃO FRONTAL,COM VÍTIMAS FERIDAS
96,REAÇÃO TARDIA OU INEFICIENTE DO CONDUTOR,COLISÃO TRANSVERSAL,COM VÍTIMAS FERIDAS
97,ACESSAR A VIA SEM OBSERVAR A PRESENÇA DOS OUTROS VEÍCULOS,ATROPELAMENTO DE PEDESTRE,COM VÍTIMAS FERIDAS
98,ACESSAR A VIA SEM OBSERVAR A PRESENÇA DOS OUTROS VEÍCULOS,COLISÃO TRASEIRA,SEM VÍTIMAS
99,REAÇÃO TARDIA OU INEFICIENTE DO CONDUTOR,COLISÃO COM OBJETO,COM VÍTIMAS FERIDAS
100,OBJETO ESTÁTICO SOBRE O LEITO CARROÇÁVEL,SAÍDA DE LEITO CARROÇÁVEL,SEM VÍTIMAS
101,ACOSTAMENTO EM DESNÍVEL,TOMBAMENTO,COM VÍTIMAS FERIDAS
102,ACESSAR A VIA SEM OBSERVAR A PRESENÇA DOS OUTROS VEÍCULOS,COLISÃO COM OBJETO,COM VÍTIMAS FERIDAS
103,ACESSAR A VIA SEM OBSERVAR A PRESENÇA DOS OUTROS VEÍCULOS,COLISÃO LATERAL MESMO SENTIDO,COM VÍTIMAS FERIDAS
104,REAÇÃO TARDIA OU INEFICIENTE DO CONDUTOR,COLISÃO FRONTAL,COM VÍTIMAS FERIDAS
105,CURVA ACENTUADA,COLISÃO LATERAL SENTIDO OPOSTO,COM VÍTIMAS FATAIS
106,DEMAIS FALHAS MECÂNICAS OU ELÉTRICAS,COLISÃO COM OBJETO,COM VÍTIMAS FERIDAS
107,PISTA ESCORREGADIA,TOMBAMENTO,COM VÍTIMAS FERIDAS
108,REAÇÃO TARDIA OU INEFICIENTE DO CONDUTOR,COLISÃO LATERAL MESMO SENTIDO,SEM VÍTIMAS
109,PEDESTRE ANDAVA NA PISTA,ATROPELAMENTO DE PEDESTRE,COM VÍTIMAS FATAIS
110,AUSÊNCIA DE REAÇÃO DO CONDUTOR,TOMBAMENTO,COM VÍTIMAS FERIDAS
111,AUSÊNCIA DE SINALIZAÇÃO,COLISÃO TRASEIRA,SEM VÍTIMAS
112,MANOBRA DE MUDANÇA DE FAIXA,COLISÃO LATERAL MESMO SENTIDO,SEM VÍTIMAS
113,PISTA ESCORREGADIA,COLISÃO FRONTAL,COM VÍTIMAS FERIDAS
114,DEMAIS FENÔMENOS DA NATUREZA,COLISÃO COM OBJETO,COM VÍTIMAS FERIDAS
115,MANOBRA DE MUDANÇA DE FAIXA,TOMBAMENTO,COM VÍTIMAS FERIDAS
116,TRAFEGAR COM MOTOCICLETA (OU SIMILAR) ENTRE AS FAIXAS,COLISÃO TRANSVERSAL,COM VÍTIMAS FERIDAS
117,OBJETO ESTÁTICO SOBRE O LEITO CARROÇÁVEL,COLISÃO FRONTAL,COM VÍTIMAS FERIDAS
118,AUSÊNCIA DE REAÇÃO DO CONDUTOR,ATROPELAMENTO DE PEDESTRE,COM VÍTIMAS FATAIS
119,FREAR BRUSCAMENTE,SAÍDA DE LEITO CARROÇÁVEL,COM VÍTIMAS FERIDAS
120,AVARIAS E/OU DESGASTE EXCESSIVO NO PNEU,INCÊNDIO,SEM VÍTIMAS
121,TRANSITAR NA CONTRAMÃO,COLISÃO LATERAL SENTIDO OPOSTO,COM VÍTIMAS FERIDAS
122,CONDUTOR DESRESPEITOU A ILUMINAÇÃO VERMELHA DO SEMÁFORO,COLISÃO TRANSVERSAL,COM VÍTIMAS FERIDAS
123,AUSÊNCIA DE REAÇÃO DO CONDUTOR,ATROPELAMENTO DE PEDESTRE,COM VÍTIMAS FERIDAS
124,AUSÊNCIA DE REAÇÃO DO CONDUTOR,SAÍDA DE LEITO CARROÇÁVEL,SEM VÍTIMAS
125,DEMAIS FALHAS MECÂNICAS OU ELÉTRICAS,COLISÃO COM OBJETO,SEM VÍTIMAS
126,AUSÊNCIA DE SINALIZAÇÃO,SAÍDA DE LEITO CARROÇÁVEL,COM VÍTIMAS FERIDAS
127,VELOCIDADE INCOMPATÍVEL,TOMBAMENTO,SEM VÍTIMAS
128,ULTRAPASSAGEM INDEVIDA,COLISÃO TRASEIRA,COM VÍTIMAS FERIDAS
129,DEMAIS FALHAS MECÂNICAS OU ELÉTRICAS,DERRAMAMENTO DE CARGA,SEM VÍTIMAS
130,CONDUTOR DORMINDO,ENGAVETAMENTO,COM VÍTIMAS FERIDAS
131,ACUMULO DE ÓLEO SOBRE O PAVIMENTO,COLISÃO COM OBJETO,SEM VÍTIMAS
132,RETORNO PROIBIDO,COLISÃO LATERAL MESMO SENTIDO,COM VÍTIMAS FERIDAS
133,CARGA EXCESSIVA E/OU MAL ACONDICIONADA,TOMBAMENTO,COM VÍTIMAS FERIDAS
134,ACESSO IRREGULAR,COLISÃO TRANSVERSAL,SEM VÍTIMAS
135,ACESSAR A VIA SEM OBSERVAR A PRESENÇA DOS OUTROS VEÍCULOS,COLISÃO TRANSVERSAL,SEM VÍTIMAS
136,REAÇÃO TARDIA OU INEFICIENTE DO CONDUTOR,TOMBAMENTO,COM VÍTIMAS FATAIS
137,PROBLEMA NA SUSPENSÃO,INCÊNDIO,SEM VÍTIMAS
138,AUSÊNCIA DE REAÇÃO DO CONDUTOR,COLISÃO LATERAL MESMO SENTIDO,COM VÍTIMAS FERIDAS
139,CONDUTOR DORMINDO,SAÍDA DE LEITO CARROÇÁVEL,SEM VÍTIMAS
140,VELOCIDADE INCOMPATÍVEL,COLISÃO COM OBJETO,COM VÍTIMAS FATAIS
141,INGESTÃO DE ÁLCOOL PELO CONDUTOR,COLISÃO TRASEIRA,COM VÍTIMAS FERIDAS
142,REAÇÃO TARDIA OU INEFICIENTE DO CONDUTOR,COLISÃO TRASEIRA,SEM VÍTIMAS
143,DEMAIS FALHAS MECÂNICAS OU ELÉTRICAS,TOMBAMENTO,COM VÍTIMAS FERIDAS
144,DEMAIS FALHAS MECÂNICAS OU ELÉTRICAS,COLISÃO TRASEIRA,COM VÍTIMAS FERIDAS
145,ACESSAR A VIA SEM OBSERVAR A PRESENÇA DOS OUTROS VEÍCULOS,COLISÃO LATERAL MESMO SENTIDO,SEM VÍTIMAS
146,PROBLEMA COM O FREIO,COLISÃO TRASEIRA,COM VÍTIMAS FERIDAS
147,CHUVA,COLISÃO FRONTAL,COM VÍTIMAS FATAIS
148,AUSÊNCIA DE REAÇÃO DO CONDUTOR,COLISÃO LATERAL MESMO SENTIDO,COM VÍTIMAS FATAIS
149,MANOBRA DE MUDANÇA DE FAIXA,COLISÃO TRANSVERSAL,COM VÍTIMAS FATAIS
150,DEMAIS FALHAS MECÂNICAS OU ELÉTRICAS,CAPOTAMENTO,COM VÍTIMAS FERIDAS
151,INGESTÃO DE ÁLCOOL PELO CONDUTOR,COLISÃO TRASEIRA,SEM VÍTIMAS
152,INGESTÃO DE ÁLCOOL PELO CONDUTOR,SAÍDA DE LEITO CARROÇÁVEL,COM VÍTIMAS FERIDAS
153,AUSÊNCIA DE REAÇÃO DO CONDUTOR,COLISÃO TRASEIRA,COM VÍTIMAS FATAIS
154,MAL SÚBITO DO CONDUTOR,COLISÃO FRONTAL,COM VÍTIMAS FERIDAS
155,INGESTÃO DE ÁLCOOL PELO CONDUTOR,COLISÃO COM OBJETO,SEM VÍTIMAS
156,INGESTÃO DE SUBSTÂNCIAS PSICOATIVAS PELO CONDUTOR,COLISÃO TRASEIRA,SEM VÍTIMAS
157,ACUMULO DE ÁGUA SOBRE O PAVIMENTO,COLISÃO TRASEIRA,COM VÍTIMAS FERIDAS
158,MANOBRA DE MUDANÇA DE FAIXA,COLISÃO TRASEIRA,COM VÍTIMAS FERIDAS
159,PROBLEMA COM O FREIO,COLISÃO LATERAL SENTIDO OPOSTO,COM VÍTIMAS FERIDAS
160,CONDUTOR DEIXOU DE MANTER DISTÂNCIA DO VEÍCULO DA FRENTE,ENGAVETAMENTO,SEM VÍTIMAS
161,REAÇÃO TARDIA OU INEFICIENTE DO CONDUTOR,TOMBAMENTO,SEM VÍTIMAS
162,VELOCIDADE INCOMPATÍVEL,ENGAVETAMENTO,COM VÍTIMAS FERIDAS
163,INGESTÃO DE ÁLCOOL PELO CONDUTOR,COLISÃO LATERAL MESMO SENTIDO,COM VÍTIMAS FERIDAS
164,REAÇÃO TARDIA OU INEFICIENTE DO CONDUTOR,QUEDA DE OCUPANTE DE VEÍCULO,COM VÍTIMAS FERIDAS
165,CARGA EXCESSIVA E/OU MAL ACONDICIONADA,DERRAMAMENTO DE CARGA,SEM VÍTIMAS
166,INGESTÃO DE ÁLCOOL PELO CONDUTOR,COLISÃO LATERAL SENTIDO OPOSTO,COM VÍTIMAS FERIDAS
167,MAL SÚBITO DO CONDUTOR,COLISÃO LATERAL SENTIDO OPOSTO,COM VÍTIMAS FATAIS
168,TRANSITAR NA CONTRAMÃO,COLISÃO LATERAL SENTIDO OPOSTO,SEM VÍTIMAS
169,ESTACIONAR OU PARAR EM LOCAL PROIBIDO,COLISÃO LATERAL MESMO SENTIDO,COM VÍTIMAS FERIDAS
170,SUICÍDIO (PRESUMIDO),COLISÃO FRONTAL,COM VÍTIMAS FATAIS
171,FREAR BRUSCAMENTE,COLISÃO TRASEIRA,COM VÍTIMAS FERIDAS
172,AUSÊNCIA DE REAÇÃO DO CONDUTOR,COLISÃO TRANSVERSAL,COM VÍTIMAS FERIDAS
173,AUSÊNCIA DE REAÇÃO DO CONDUTOR,SAÍDA DE LEITO CARROÇÁVEL,COM VÍTIMAS FATAIS
174,CHUVA,TOMBAMENTO,SEM VÍTIMAS
175,FREAR BRUSCAMENTE,SAÍDA DE LEITO CARROÇÁVEL,SEM VÍTIMAS
176,ANIMAIS NA PISTA,SAÍDA DE LEITO CARROÇÁVEL,COM VÍTIMAS FERIDAS
177,VELOCIDADE INCOMPATÍVEL,COLISÃO COM OBJETO,SEM VÍTIMAS
178,ULTRAPASSAGEM INDEVIDA,COLISÃO COM OBJETO,COM VÍTIMAS FERIDAS
179,ANIMAIS NA PISTA,ATROPELAMENTO DE ANIMAL,COM VÍTIMAS FERIDAS
180,AUSÊNCIA DE REAÇÃO DO CONDUTOR,ENGAVETAMENTO,COM VÍTIMAS FERIDAS
181,CONDUTOR USANDO CELULAR,COLISÃO TRASEIRA,COM VÍTIMAS FERIDAS
182,TRANSITAR NA CONTRAMÃO,CAPOTAMENTO,COM VÍTIMAS FERIDAS
183,DEMAIS FALHAS MECÂNICAS OU ELÉTRICAS,COLISÃO TRANSVERSAL,COM VÍTIMAS FERIDAS
184,INGESTÃO DE ÁLCOOL PELO CONDUTOR,COLISÃO LATERAL SENTIDO OPOSTO,COM VÍTIMAS FATAIS
185,DEFICIÊNCIA DO SISTEMA DE ILUMINAÇÃO/SINALIZAÇÃO,COLISÃO TRASEIRA,COM VÍTIMAS FERIDAS
186,ULTRAPASSAGEM INDEVIDA,COLISÃO FRONTAL,COM VÍTIMAS FATAIS
187,MAL SÚBITO DO CONDUTOR,COLISÃO LATERAL MESMO SENTIDO,SEM VÍTIMAS
188,REAÇÃO TARDIA OU INEFICIENTE DO CONDUTOR,COLISÃO LATERAL SENTIDO OPOSTO,SEM VÍTIMAS
189,ACESSAR A VIA SEM OBSERVAR A PRESENÇA DOS OUTROS VEÍCULOS,COLISÃO TRANSVERSAL,COM VÍTIMAS FATAIS
190,CHUVA,COLISÃO LATERAL MESMO SENTIDO,COM VÍTIMAS FERIDAS
191,DEMAIS FALHAS MECÂNICAS OU ELÉTRICAS,SAÍDA DE LEITO CARROÇÁVEL,COM VÍTIMAS FATAIS
192,REAÇÃO TARDIA OU INEFICIENTE DO CONDUTOR,COLISÃO TRANSVERSAL,SEM VÍTIMAS
193,ENTRADA INOPINADA DO PEDESTRE,ATROPELAMENTO DE PEDESTRE,COM VÍTIMAS FERIDAS
194,MANOBRA DE MUDANÇA DE FAIXA,COLISÃO FRONTAL,COM VÍTIMAS FERIDAS
195,CONDUTOR USANDO CELULAR,COLISÃO LATERAL MESMO SENTIDO,COM VÍTIMAS FERIDAS
196,ACESSAR A VIA SEM OBSERVAR A PRESENÇA DOS OUTROS VEÍCULOS,COLISÃO FRONTAL,COM VÍTIMAS FERIDAS
197,INGESTÃO DE ÁLCOOL PELO CONDUTOR,COLISÃO LATERAL MESMO SENTIDO,SEM VÍTIMAS
198,VELOCIDADE INCOMPATÍVEL,TOMBAMENTO,COM VÍTIMAS FATAIS
199,SUICÍDIO (PRESUMIDO),COLISÃO LATERAL SENTIDO OPOSTO,COM VÍTIMAS FATAIS
200,REAÇÃO TARDIA OU INEFICIENTE DO CONDUTOR,SAÍDA DE LEITO CARROÇÁVEL,COM VÍTIMAS FATAIS
201,TRAFEGAR COM MOTOCICLETA (OU SIMILAR) ENTRE AS FAIXAS,COLISÃO LATERAL MESMO SENTIDO,COM VÍTIMAS FERIDAS
202,PROBLEMA COM O FREIO,INCÊNDIO,SEM VÍTIMAS
203,ESTACIONAR OU PARAR EM LOCAL PROIBIDO,COLISÃO COM OBJETO,COM VÍTIMAS FERIDAS
204,ACESSO IRREGULAR,COLISÃO TRANSVERSAL,COM VÍTIMAS FATAIS
205,RETORNO PROIBIDO,COLISÃO TRANSVERSAL,COM VÍTIMAS FERIDAS
206,CONDUTOR DEIXOU DE MANTER DISTÂNCIA DO VEÍCULO DA FRENTE,COLISÃO LATERAL MESMO SENTIDO,COM VÍTIMAS FERIDAS
207,MAL SÚBITO DO CONDUTOR,TOMBAMENTO,COM VÍTIMAS FERIDAS
208,ULTRAPASSAGEM INDEVIDA,TOMBAMENTO,COM VÍTIMAS FERIDAS
209,CONDUTOR DORMINDO,COLISÃO COM OBJETO,COM VÍTIMAS FATAIS
210,REAÇÃO TARDIA OU INEFICIENTE DO CONDUTOR,SAÍDA DE LEITO CARROÇÁVEL,SEM VÍTIMAS
211,CONVERSÃO PROIBIDA,COLISÃO LATERAL MESMO SENTIDO,COM VÍTIMAS FERIDAS
212,MANOBRA DE MUDANÇA DE FAIXA,COLISÃO FRONTAL,COM VÍTIMAS FATAIS
213,VELOCIDADE INCOMPATÍVEL,SAÍDA DE LEITO CARROÇÁVEL,SEM VÍTIMAS
214,CHUVA,COLISÃO TRASEIRA,COM VÍTIMAS FERIDAS
215,TRAFEGAR COM MOTOCICLETA (OU SIMILAR) ENTRE AS FAIXAS,COLISÃO TRASEIRA,COM VÍTIMAS FERIDAS
216,AFUNDAMENTO OU ONDULAÇÃO NO PAVIMENTO,COLISÃO COM OBJETO,COM VÍTIMAS FERIDAS
217,ULTRAPASSAGEM INDEVIDA,COLISÃO LATERAL SENTIDO OPOSTO,COM VÍTIMAS FATAIS
218,PISTA ESCORREGADIA,SAÍDA DE LEITO CARROÇÁVEL,COM VÍTIMAS FERIDAS
219,DEMAIS FALHAS MECÂNICAS OU ELÉTRICAS,EVENTOS ATÍPICOS,COM VÍTIMAS FERIDAS
220,TRANSITAR NO ACOSTAMENTO,COLISÃO LATERAL MESMO SENTIDO,COM VÍTIMAS FERIDAS
221,DEMAIS FALHAS MECÂNICAS OU ELÉTRICAS,COLISÃO LATERAL MESMO SENTIDO,SEM VÍTIMAS
222,AFUNDAMENTO OU ONDULAÇÃO NO PAVIMENTO,COLISÃO FRONTAL,COM VÍTIMAS FERIDAS
223,AUSÊNCIA DE REAÇÃO DO CONDUTOR,COLISÃO COM OBJETO,SEM VÍTIMAS
224,ACESSO IRREGULAR,COLISÃO LATERAL MESMO SENTIDO,COM VÍTIMAS FERIDAS
225,MANOBRA DE MUDANÇA DE FAIXA,COLISÃO LATERAL SENTIDO OPOSTO,COM VÍTIMAS FERIDAS
226,DEMAIS FALHAS MECÂNICAS OU ELÉTRICAS,COLISÃO LATERAL MESMO SENTIDO,COM VÍTIMAS FERIDAS
227,REAÇÃO TARDIA OU INEFICIENTE DO CONDUTOR,COLISÃO COM OBJETO,SEM VÍTIMAS
228,TRANSITAR NA CONTRAMÃO,SAÍDA DE LEITO CARROÇÁVEL,COM VÍTIMAS FERIDAS
229,VELOCIDADE INCOMPATÍVEL,COLISÃO LATERAL MESMO SENTIDO,COM VÍTIMAS FERIDAS
230,DEMAIS FALHAS MECÂNICAS OU ELÉTRICAS,COLISÃO TRASEIRA,SEM VÍTIMAS
231,DEMAIS FALHAS NA VIA,SAÍDA DE LEITO CARROÇÁVEL,SEM VÍTIMAS
232,PISTA ESBURACADA,COLISÃO FRONTAL,COM VÍTIMAS FERIDAS
233,CONDUTOR DEIXOU DE MANTER DISTÂNCIA DO VEÍCULO DA FRENTE,COLISÃO LATERAL MESMO SENTIDO,SEM VÍTIMAS
234,NEBLINA,COLISÃO TRASEIRA,COM VÍTIMAS FERIDAS
235,INGESTÃO DE ÁLCOOL PELO CONDUTOR,COLISÃO FRONTAL,COM VÍTIMAS FERIDAS
236,CONDUTOR DORMINDO,TOMBAMENTO,COM VÍTIMAS FERIDAS
237,REAÇÃO TARDIA OU INEFICIENTE DO CONDUTOR,COLISÃO TRANSVERSAL,COM VÍTIMAS FATAIS
238,INGESTÃO DE ÁLCOOL PELO CONDUTOR,COLISÃO TRANSVERSAL,COM VÍTIMAS FATAIS
239,TRANSITAR NO ACOSTAMENTO,TOMBAMENTO,COM VÍTIMAS FERIDAS
240,VELOCIDADE INCOMPATÍVEL,COLISÃO LATERAL MESMO SENTIDO,COM VÍTIMAS FATAIS
241,PISTA ESCORREGADIA,SAÍDA DE LEITO CARROÇÁVEL,SEM VÍTIMAS
242,REAÇÃO TARDIA OU INEFICIENTE DO CONDUTOR,COLISÃO COM OBJETO,COM VÍTIMAS FATAIS
243,DEMAIS FALHAS MECÂNICAS OU ELÉTRICAS,COLISÃO LATERAL SENTIDO OPOSTO,COM VÍTIMAS FERIDAS
244,CHUVA,SAÍDA DE LEITO CARROÇÁVEL,SEM VÍTIMAS
245,ACUMULO DE ÁGUA SOBRE O PAVIMENTO,SAÍDA DE LEITO CARROÇÁVEL,SEM VÍTIMAS
246,PISTA ESBURACADA,COLISÃO FRONTAL,COM VÍTIMAS FATAIS
247,AUSÊNCIA DE REAÇÃO DO CONDUTOR,TOMBAMENTO,COM VÍTIMAS FATAIS
248,CONDUTOR DORMINDO,COLISÃO COM OBJETO,SEM VÍTIMAS
249,CONDUTOR DORMINDO,SAÍDA DE LEITO CARROÇÁVEL,COM VÍTIMAS FATAIS
250,TRANSITAR NA CONTRAMÃO,COLISÃO LATERAL MESMO SENTIDO,SEM VÍTIMAS
251,MAL SÚBITO DO CONDUTOR,SAÍDA DE LEITO CARROÇÁVEL,COM VÍTIMAS FERIDAS
252,ACESSO IRREGULAR,COLISÃO TRANSVERSAL,COM VÍTIMAS FERIDAS
253,ACUMULO DE ÁGUA SOBRE O PAVIMENTO,TOMBAMENTO,COM VÍTIMAS FERIDAS
254,ACESSAR A VIA SEM OBSERVAR A PRESENÇA DOS OUTROS VEÍCULOS,SAÍDA DE LEITO CARROÇÁVEL,COM VÍTIMAS FERIDAS
255,ACUMULO DE ÓLEO SOBRE O PAVIMENTO,TOMBAMENTO,COM VÍTIMAS FERIDAS
256,DEMAIS FALHAS MECÂNICAS OU ELÉTRICAS,COLISÃO FRONTAL,COM VÍTIMAS FERIDAS
257,REAÇÃO TARDIA OU INEFICIENTE DO CONDUTOR,CAPOTAMENTO,COM VÍTIMAS FATAIS
258,PROBLEMA COM O FREIO,TOMBAMENTO,COM VÍTIMAS FERIDAS
259,DEMAIS FALHAS NA VIA,COLISÃO TRASEIRA,COM VÍTIMAS FERIDAS
260,CONDUTOR USANDO CELULAR,SAÍDA DE LEITO CARROÇÁVEL,COM VÍTIMAS FERIDAS
261,AFUNDAMENTO OU ONDULAÇÃO NO PAVIMENTO,SAÍDA DE LEITO CARROÇÁVEL,COM VÍTIMAS FERIDAS
262,DEMAIS FALHAS NA VIA,COLISÃO LATERAL SENTIDO OPOSTO,COM VÍTIMAS FERIDAS
263,INGESTÃO DE SUBSTÂNCIAS PSICOATIVAS PELO CONDUTOR,COLISÃO LATERAL MESMO SENTIDO,SEM VÍTIMAS
264,RETORNO PROIBIDO,COLISÃO FRONTAL,COM VÍTIMAS FERIDAS
265,DEMAIS FALHAS MECÂNICAS OU ELÉTRICAS,EVENTOS ATÍPICOS,SEM VÍTIMAS
266,DESVIO TEMPORÁRIO,TOMBAMENTO,COM VÍTIMAS FERIDAS
267,VELOCIDADE INCOMPATÍVEL,COLISÃO TRASEIRA,COM VÍTIMAS FATAIS
268,CARGA EXCESSIVA E/OU MAL ACONDICIONADA,TOMBAMENTO,SEM VÍTIMAS
269,CURVA ACENTUADA,SAÍDA DE LEITO CARROÇÁVEL,COM VÍTIMAS FERIDAS
270,ACESSO IRREGULAR,ATROPELAMENTO DE PEDESTRE,COM VÍTIMAS FATAIS
271,VELOCIDADE INCOMPATÍVEL,ENGAVETAMENTO,COM VÍTIMAS FATAIS
272,OBJETO ESTÁTICO SOBRE O LEITO CARROÇÁVEL,COLISÃO COM OBJETO,COM VÍTIMAS FERIDAS
273,VELOCIDADE INCOMPATÍVEL,COLISÃO LATERAL SENTIDO OPOSTO,COM VÍTIMAS FATAIS
274,ACESSO IRREGULAR,COLISÃO LATERAL SENTIDO OPOSTO,COM VÍTIMAS FERIDAS
275,CONDUTOR USANDO CELULAR,TOMBAMENTO,COM VÍTIMAS FERIDAS
276,ACUMULO DE ÁGUA SOBRE O PAVIMENTO,COLISÃO LATERAL SENTIDO OPOSTO,COM VÍTIMAS FERIDAS
277,INGESTÃO DE ÁLCOOL PELO CONDUTOR,COLISÃO TRANSVERSAL,SEM VÍTIMAS
278,CURVA ACENTUADA,TOMBAMENTO,COM VÍTIMAS FATAIS
279,CHUVA,COLISÃO COM OBJETO,COM VÍTIMAS FERIDAS
280,SUICÍDIO (PRESUMIDO),ATROPELAMENTO DE PEDESTRE,COM VÍTIMAS FATAIS
281,AUSÊNCIA DE REAÇÃO DO CONDUTOR,TOMBAMENTO,SEM VÍTIMAS
282,PEDESTRE CRUZAVA A PISTA FORA DA FAIXA,ATROPELAMENTO DE PEDESTRE,COM VÍTIMAS FERIDAS
283,CARGA EXCESSIVA E/OU MAL ACONDICIONADA,EVENTOS ATÍPICOS,COM VÍTIMAS FERIDAS
284,CARGA EXCESSIVA E/OU MAL ACONDICIONADA,COLISÃO COM OBJETO,COM VÍTIMAS FATAIS
285,ACESSO IRREGULAR,COLISÃO LATERAL MESMO SENTIDO,SEM VÍTIMAS
286,ACESSO IRREGULAR,COLISÃO FRONTAL,COM VÍTIMAS FERIDAS
287,INGESTÃO DE ÁLCOOL PELO CONDUTOR,TOMBAMENTO,COM VÍTIMAS FERIDAS
288,ESTACIONAR OU PARAR EM LOCAL PROIBIDO,COLISÃO TRASEIRA,COM VÍTIMAS FERIDAS
289,ACESSAR A VIA SEM OBSERVAR A PRESENÇA DOS OUTROS VEÍCULOS,COLISÃO LATERAL SENTIDO OPOSTO,COM VÍTIMAS FERIDAS
290,VELOCIDADE INCOMPATÍVEL,CAPOTAMENTO,COM VÍTIMAS FERIDAS
291,AVARIAS E/OU DESGASTE EXCESSIVO NO PNEU,COLISÃO TRASEIRA,COM VÍTIMAS FATAIS
292,AUSÊNCIA DE SINALIZAÇÃO,TOMBAMENTO,SEM VÍTIMAS
293,ANIMAIS NA PISTA,COLISÃO TRASEIRA,COM VÍTIMAS FERIDAS
294,CONDUTOR DEIXOU DE MANTER DISTÂNCIA DO VEÍCULO DA FRENTE,COLISÃO TRASEIRA,COM VÍTIMAS FATAIS
295,ACOSTAMENTO EM DESNÍVEL,TOMBAMENTO,SEM VÍTIMAS
296,FALTA DE ELEMENTO DE CONTENÇÃO QUE EVITE A SAÍDA DO LEITO CARROÇÁVEL,SAÍDA DE LEITO CARROÇÁVEL,SEM VÍTIMAS
297,RETORNO PROIBIDO,COLISÃO TRASEIRA,COM VÍTIMAS FERIDAS
298,AUSÊNCIA DE SINALIZAÇÃO,COLISÃO TRASEIRA,COM VÍTIMAS FATAIS
299,CONDUTOR DEIXOU DE MANTER DISTÂNCIA DO VEÍCULO DA FRENTE,COLISÃO FRONTAL,COM VÍTIMAS FERIDAS
300,DEMAIS FALHAS MECÂNICAS OU ELÉTRICAS,SAÍDA DE LEITO CARROÇÁVEL,SEM VÍTIMAS
301,CHUVA,DERRAMAMENTO DE CARGA,SEM VÍTIMAS
302,CHUVA,COLISÃO TRANSVERSAL,COM VÍTIMAS FERIDAS
303,FUMAÇA,COLISÃO COM OBJETO,COM VÍTIMAS FERIDAS
304,ACUMULO DE ÁGUA SOBRE O PAVIMENTO,SAÍDA DE LEITO CARROÇÁVEL,COM VÍTIMAS FERIDAS
305,DEMAIS FALHAS MECÂNICAS OU ELÉTRICAS,ENGAVETAMENTO,COM VÍTIMAS FERIDAS
306,ÁREA URBANA SEM A PRESENÇA DE LOCAL APROPRIADO PARA A TRAVESSIA DE PEDESTRES,ATROPELAMENTO DE PEDESTRE,COM VÍTIMAS FERIDAS
307,ESTACIONAR OU PARAR EM LOCAL PROIBIDO,COLISÃO TRASEIRA,SEM VÍTIMAS
308,VELOCIDADE INCOMPATÍVEL,INCÊNDIO,COM VÍTIMAS FERIDAS
309,PISTA ESCORREGADIA,QUEDA DE OCUPANTE DE VEÍCULO,COM VÍTIMAS FERIDAS
310,CURVA ACENTUADA,TOMBAMENTO,COM VÍTIMAS FERIDAS
311,MAL SÚBITO DO CONDUTOR,COLISÃO FRONTAL,COM VÍTIMAS FATAIS
312,PISTA ESBURACADA,SAÍDA DE LEITO CARROÇÁVEL,COM VÍTIMAS FERIDAS
313,ACUMULO DE ÁGUA SOBRE O PAVIMENTO,COLISÃO TRANSVERSAL,SEM VÍTIMAS
314,ACUMULO DE AREIA OU DETRITOS SOBRE O PAVIMENTO,COLISÃO FRONTAL,COM VÍTIMAS FERIDAS
315,PISTA ESBURACADA,COLISÃO LATERAL MESMO SENTIDO,COM VÍTIMAS FERIDAS
316,INGESTÃO DE ÁLCOOL PELO CONDUTOR,SAÍDA DE LEITO CARROÇÁVEL,SEM VÍTIMAS
317,PROBLEMA COM O FREIO,SAÍDA DE LEITO CARROÇÁVEL,COM VÍTIMAS FERIDAS
318,CONDUTOR DORMINDO,COLISÃO LATERAL SENTIDO OPOSTO,SEM VÍTIMAS
319,MAL SÚBITO DO CONDUTOR,COLISÃO COM OBJETO,COM VÍTIMAS FERIDAS
320,AUSÊNCIA DE REAÇÃO DO CONDUTOR,COLISÃO LATERAL SENTIDO OPOSTO,SEM VÍTIMAS
321,ACUMULO DE ÓLEO SOBRE O PAVIMENTO,SAÍDA DE LEITO CARROÇÁVEL,COM VÍTIMAS FERIDAS
322,REAÇÃO TARDIA OU INEFICIENTE DO CONDUTOR,CAPOTAMENTO,COM VÍTIMAS FERIDAS
323,CHUVA,COLISÃO TRASEIRA,SEM VÍTIMAS
324,AUSÊNCIA DE SINALIZAÇÃO,COLISÃO TRASEIRA,COM VÍTIMAS FERIDAS
325,PROBLEMA COM O FREIO,COLISÃO LATERAL SENTIDO OPOSTO,COM VÍTIMAS FATAIS
326,ULTRAPASSAGEM INDEVIDA,INCÊNDIO,SEM VÍTIMAS
327,TRANSTORNOS MENTAIS (EXCETO SUICIDIO),COLISÃO TRASEIRA,COM VÍTIMAS FERIDAS
328,FREAR BRUSCAMENTE,TOMBAMENTO,COM VÍTIMAS FERIDAS
329,AVARIAS E/OU DESGASTE EXCESSIVO NO PNEU,EVENTOS ATÍPICOS,SEM VÍTIMAS
330,VELOCIDADE INCOMPATÍVEL,COLISÃO LATERAL SENTIDO OPOSTO,COM VÍTIMAS FERIDAS
331,OBJETO ESTÁTICO SOBRE O LEITO CARROÇÁVEL,COLISÃO COM OBJETO,COM VÍTIMAS FATAIS
332,DEMAIS FALHAS MECÂNICAS OU ELÉTRICAS,QUEDA DE OCUPANTE DE VEÍCULO,COM VÍTIMAS FERIDAS
333,CONDUTOR DORMINDO,TOMBAMENTO,SEM VÍTIMAS
334,OBJETO ESTÁTICO SOBRE O LEITO CARROÇÁVEL,COLISÃO LATERAL SENTIDO OPOSTO,COM VÍTIMAS FERIDAS
335,DEMAIS FALHAS MECÂNICAS OU ELÉTRICAS,COLISÃO TRANSVERSAL,COM VÍTIMAS FATAIS
336,CURVA ACENTUADA,SAÍDA DE LEITO CARROÇÁVEL,COM VÍTIMAS FATAIS
337,CHUVA,ENGAVETAMENTO,COM VÍTIMAS FERIDAS
338,TRANSTORNOS MENTAIS (EXCETO SUICIDIO),COLISÃO FRONTAL,SEM VÍTIMAS
339,TRANSITAR NO ACOSTAMENTO,COLISÃO TRASEIRA,COM VÍTIMAS FERIDAS
340,ACUMULO DE ÓLEO SOBRE O PAVIMENTO,COLISÃO COM OBJETO,COM VÍTIMAS FERIDAS
341,CONDUTOR DORMINDO,COLISÃO LATERAL MESMO SENTIDO,COM VÍTIMAS FERIDAS
342,AVARIAS E/OU DESGASTE EXCESSIVO NO PNEU,SAÍDA DE LEITO CARROÇÁVEL,COM VÍTIMAS FERIDAS
343,PISTA ESCORREGADIA,COLISÃO LATERAL MESMO SENTIDO,COM VÍTIMAS FERIDAS
344,DESRESPEITAR A PREFERÊNCIA NO CRUZAMENTO,TOMBAMENTO,COM VÍTIMAS FERIDAS
345,CHUVA,EVENTOS ATÍPICOS,COM VÍTIMAS FERIDAS
346,VELOCIDADE INCOMPATÍVEL,COLISÃO LATERAL MESMO SENTIDO,SEM VÍTIMAS
347,FALTA DE ACOSTAMENTO,COLISÃO LATERAL MESMO SENTIDO,COM VÍTIMAS FERIDAS
348,CONDUTOR DEIXOU DE MANTER DISTÂNCIA DO VEÍCULO DA FRENTE,SAÍDA DE LEITO CARROÇÁVEL,COM VÍTIMAS FERIDAS
349,TRANSITAR NA CONTRAMÃO,COLISÃO LATERAL MESMO SENTIDO,COM VÍTIMAS FATAIS
350,DEMAIS FALHAS NA VIA,TOMBAMENTO,COM VÍTIMAS FERIDAS
351,CONDUTOR DORMINDO,COLISÃO TRASEIRA,COM VÍTIMAS FATAIS
352,ACOSTAMENTO EM DESNÍVEL,COLISÃO LATERAL MESMO SENTIDO,COM VÍTIMAS FERIDAS
353,DEMAIS FALHAS NA VIA,COLISÃO FRONTAL,COM VÍTIMAS FERIDAS
354,SINALIZAÇÃO MAL POSICIONADA,COLISÃO TRASEIRA,COM VÍTIMAS FERIDAS
355,MANOBRA DE MUDANÇA DE FAIXA,COLISÃO LATERAL MESMO SENTIDO,COM VÍTIMAS FATAIS
356,ACUMULO DE ÁGUA SOBRE O PAVIMENTO,COLISÃO FRONTAL,COM VÍTIMAS FERIDAS
357,ANIMAIS NA PISTA,COLISÃO LATERAL MESMO SENTIDO,COM VÍTIMAS FERIDAS
358,PROBLEMA COM O FREIO,COLISÃO TRASEIRA,SEM VÍTIMAS
359,PROBLEMA COM O FREIO,COLISÃO LATERAL MESMO SENTIDO,COM VÍTIMAS FERIDAS
360,RESTRIÇÃO DE VISIBILIDADE EM CURVAS HORIZONTAIS,COLISÃO TRANSVERSAL,COM VÍTIMAS FERIDAS
361,ACESSO IRREGULAR,COLISÃO LATERAL MESMO SENTIDO,COM VÍTIMAS FATAIS
362,TRAFEGAR COM MOTOCICLETA (OU SIMILAR) ENTRE AS FAIXAS,QUEDA DE OCUPANTE DE VEÍCULO,COM VÍTIMAS FATAIS
363,ACESSAR A VIA SEM OBSERVAR A PRESENÇA DOS OUTROS VEÍCULOS,TOMBAMENTO,COM VÍTIMAS FERIDAS
364,PEDESTRE - INGESTÃO DE ÁLCOOL/ SUBSTÂNCIAS PSICOATIVAS,ATROPELAMENTO DE PEDESTRE,COM VÍTIMAS FATAIS
365,CONDUTOR DEIXOU DE MANTER DISTÂNCIA DO VEÍCULO DA FRENTE,TOMBAMENTO,COM VÍTIMAS FERIDAS
366,AUSÊNCIA DE REAÇÃO DO CONDUTOR,QUEDA DE OCUPANTE DE VEÍCULO,COM VÍTIMAS FERIDAS
367,REAÇÃO TARDIA OU INEFICIENTE DO CONDUTOR,COLISÃO LATERAL MESMO SENTIDO,COM VÍTIMAS FATAIS
368,CONDUTOR DESRESPEITOU A ILUMINAÇÃO VERMELHA DO SEMÁFORO,COLISÃO TRANSVERSAL,COM VÍTIMAS FATAIS
369,MAL SÚBITO DO CONDUTOR,TOMBAMENTO,SEM VÍTIMAS
370,CONDUTOR DESRESPEITOU A ILUMINAÇÃO VERMELHA DO SEMÁFORO,COLISÃO LATERAL SENTIDO OPOSTO,COM VÍTIMAS FERIDAS
371,DESRESPEITAR A PREFERÊNCIA NO CRUZAMENTO,COLISÃO FRONTAL,COM VÍTIMAS FERIDAS
372,AFUNDAMENTO OU ONDULAÇÃO NO PAVIMENTO,QUEDA DE OCUPANTE DE VEÍCULO,COM VÍTIMAS FERIDAS
373,PISTA ESBURACADA,COLISÃO LATERAL SENTIDO OPOSTO,COM VÍTIMAS FERIDAS
374,AUSÊNCIA DE REAÇÃO DO CONDUTOR,CAPOTAMENTO,COM VÍTIMAS FERIDAS
375,CURVA ACENTUADA,CAPOTAMENTO,COM VÍTIMAS FERIDAS
376,DEMAIS FALHAS NA VIA,COLISÃO LATERAL MESMO SENTIDO,SEM VÍTIMAS
377,DEFICIÊNCIA DO SISTEMA DE ILUMINAÇÃO/SINALIZAÇÃO,COLISÃO LATERAL MESMO SENTIDO,COM VÍTIMAS FERIDAS
378,MAL SÚBITO DO CONDUTOR,COLISÃO LATERAL MESMO SENTIDO,COM VÍTIMAS FERIDAS
379,MANOBRA DE MUDANÇA DE FAIXA,TOMBAMENTO,COM VÍTIMAS FATAIS
380,PROBLEMA COM O FREIO,SAÍDA DE LEITO CARROÇÁVEL,SEM VÍTIMAS
381,FALTA DE ACOSTAMENTO,COLISÃO TRANSVERSAL,COM VÍTIMAS FERIDAS
382,PROBLEMA COM O FREIO,SAÍDA DE LEITO CARROÇÁVEL,COM VÍTIMAS FATAIS
383,ILUMINAÇÃO DEFICIENTE,COLISÃO TRANSVERSAL,SEM VÍTIMAS
384,CONDUTOR DORMINDO,TOMBAMENTO,COM VÍTIMAS FATAIS
385,FREAR BRUSCAMENTE,ENGAVETAMENTO,SEM VÍTIMAS
386,OBJETO ESTÁTICO SOBRE O LEITO CARROÇÁVEL,COLISÃO FRONTAL,COM VÍTIMAS FATAIS
387,CARGA EXCESSIVA E/OU MAL ACONDICIONADA,EVENTOS ATÍPICOS,SEM VÍTIMAS
388,TRAFEGAR COM MOTOCICLETA (OU SIMILAR) ENTRE AS FAIXAS,TOMBAMENTO,COM VÍTIMAS FATAIS
389,TRANSITAR NO ACOSTAMENTO,ATROPELAMENTO DE PEDESTRE,COM VÍTIMAS FERIDAS
390,CONDUTOR USANDO CELULAR,COLISÃO TRASEIRA,SEM VÍTIMAS
391,ACOSTAMENTO EM DESNÍVEL,SAÍDA DE LEITO CARROÇÁVEL,SEM VÍTIMAS
392,DESRESPEITAR A PREFERÊNCIA NO CRUZAMENTO,COLISÃO TRANSVERSAL,SEM VÍTIMAS
393,ACESSAR A VIA SEM OBSERVAR A PRESENÇA DOS OUTROS VEÍCULOS,QUEDA DE OCUPANTE DE VEÍCULO,COM VÍTIMAS FERIDAS
394,PISTA ESCORREGADIA,COLISÃO COM OBJETO,COM VÍTIMAS FERIDAS
395,DESRESPEITAR A PREFERÊNCIA NO CRUZAMENTO,COLISÃO LATERAL MESMO SENTIDO,COM VÍTIMAS FERIDAS
396,DEMAIS FALHAS MECÂNICAS OU ELÉTRICAS,ATROPELAMENTO DE PEDESTRE,COM VÍTIMAS FERIDAS
397,AUSÊNCIA DE SINALIZAÇÃO,COLISÃO LATERAL MESMO SENTIDO,COM VÍTIMAS FERIDAS
398,CONDUTOR DORMINDO,COLISÃO TRANSVERSAL,COM VÍTIMAS FERIDAS
399,PROBLEMA NA SUSPENSÃO,COLISÃO COM OBJETO,SEM VÍTIMAS
400,PISTA ESCORREGADIA,COLISÃO TRANSVERSAL,COM VÍTIMAS FERIDAS
401,REDUTOR DE VELOCIDADE EM DESACORDO,COLISÃO COM OBJETO,SEM VÍTIMAS
402,AUSÊNCIA DE SINALIZAÇÃO,COLISÃO COM OBJETO,COM VÍTIMAS FERIDAS
403,CONVERSÃO PROIBIDA,COLISÃO TRANSVERSAL,COM VÍTIMAS FATAIS
404,TRANSITAR NO ACOSTAMENTO,COLISÃO LATERAL MESMO SENTIDO,SEM VÍTIMAS
405,FREAR BRUSCAMENTE,COLISÃO LATERAL MESMO SENTIDO,COM VÍTIMAS FERIDAS
406,CARGA EXCESSIVA E/OU MAL ACONDICIONADA,COLISÃO LATERAL SENTIDO OPOSTO,SEM VÍTIMAS
407,PISTA ESCORREGADIA,TOMBAMENTO,SEM VÍTIMAS
408,MANOBRA DE MUDANÇA DE FAIXA,COLISÃO COM OBJETO,COM VÍTIMAS FERIDAS
409,TRANSITAR NO ACOSTAMENTO,COLISÃO COM OBJETO,COM VÍTIMAS FERIDAS
410,CONDUTOR USANDO CELULAR,COLISÃO TRASEIRA,COM VÍTIMAS FATAIS
411,REAÇÃO TARDIA OU INEFICIENTE DO CONDUTOR,ATROPELAMENTO DE PEDESTRE,COM VÍTIMAS FERIDAS
412,CONDUTOR DEIXOU DE MANTER DISTÂNCIA DO VEÍCULO DA FRENTE,COLISÃO COM OBJETO,COM VÍTIMAS FERIDAS
413,MAL SÚBITO DO CONDUTOR,SAÍDA DE LEITO CARROÇÁVEL,SEM VÍTIMAS
414,ACUMULO DE ÁGUA SOBRE O PAVIMENTO,COLISÃO TRANSVERSAL,COM VÍTIMAS FERIDAS
415,DECLIVE ACENTUADO,TOMBAMENTO,COM VÍTIMAS FERIDAS
416,CARGA EXCESSIVA E/OU MAL ACONDICIONADA,COLISÃO LATERAL MESMO SENTIDO,COM VÍTIMAS FERIDAS
417,TRANSITAR NO ACOSTAMENTO,COLISÃO LATERAL MESMO SENTIDO,COM VÍTIMAS FATAIS
418,TRANSITAR NO ACOSTAMENTO,COLISÃO COM OBJETO,COM VÍTIMAS FATAIS
419,ACESSAR A VIA SEM OBSERVAR A PRESENÇA DOS OUTROS VEÍCULOS,ENGAVETAMENTO,COM VÍTIMAS FERIDAS
420,DECLIVE ACENTUADO,COLISÃO FRONTAL,COM VÍTIMAS FATAIS
421,TRAFEGAR COM MOTOCICLETA (OU SIMILAR) ENTRE AS FAIXAS,TOMBAMENTO,COM VÍTIMAS FERIDAS
422,TRANSITAR NO ACOSTAMENTO,COLISÃO TRASEIRA,COM VÍTIMAS FATAIS
423,TRANSITAR NO ACOSTAMENTO,SAÍDA DE LEITO CARROÇÁVEL,COM VÍTIMAS FERIDAS
424,ACUMULO DE ÁGUA SOBRE O PAVIMENTO,COLISÃO LATERAL SENTIDO OPOSTO,COM VÍTIMAS FATAIS
425,ACUMULO DE ÁGUA SOBRE O PAVIMENTO,COLISÃO FRONTAL,COM VÍTIMAS FATAIS
426,INGESTÃO DE ÁLCOOL PELO CONDUTOR,TOMBAMENTO,SEM VÍTIMAS
427,TRAFEGAR COM MOTOCICLETA (OU SIMILAR) ENTRE AS FAIXAS,COLISÃO LATERAL MESMO SENTIDO,COM VÍTIMAS FATAIS
428,MAL SÚBITO DO CONDUTOR,COLISÃO TRASEIRA,COM VÍTIMAS FERIDAS
429,AUSÊNCIA DE SINALIZAÇÃO,ENGAVETAMENTO,COM VÍTIMAS FERIDAS
430,CONDUTOR DORMINDO,CAPOTAMENTO,COM VÍTIMAS FERIDAS
431,AVARIAS E/OU DESGASTE EXCESSIVO NO PNEU,COLISÃO FRONTAL,COM VÍTIMAS FATAIS
432,REAÇÃO TARDIA OU INEFICIENTE DO CONDUTOR,ENGAVETAMENTO,COM VÍTIMAS FATAIS
433,AVARIAS E/OU DESGASTE EXCESSIVO NO PNEU,COLISÃO LATERAL MESMO SENTIDO,COM VÍTIMAS FERIDAS
434,RETORNO PROIBIDO,COLISÃO TRANSVERSAL,SEM VÍTIMAS
435,REAÇÃO TARDIA OU INEFICIENTE DO CONDUTOR,ENGAVETAMENTO,SEM VÍTIMAS
436,CARGA EXCESSIVA E/OU MAL ACONDICIONADA,CAPOTAMENTO,COM VÍTIMAS FERIDAS
437,CARGA EXCESSIVA E/OU MAL ACONDICIONADA,COLISÃO COM OBJETO,COM VÍTIMAS FERIDAS
438,ACESSO IRREGULAR,TOMBAMENTO,COM VÍTIMAS FERIDAS
439,CONDUTOR USANDO CELULAR,COLISÃO COM OBJETO,SEM VÍTIMAS
440,ACESSAR A VIA SEM OBSERVAR A PRESENÇA DOS OUTROS VEÍCULOS,QUEDA DE OCUPANTE DE VEÍCULO,COM VÍTIMAS FATAIS
441,ACESSAR A VIA SEM OBSERVAR A PRESENÇA DOS OUTROS VEÍCULOS,COLISÃO FRONTAL,SEM VÍTIMAS
442,INGESTÃO DE SUBSTÂNCIAS PSICOATIVAS PELO CONDUTOR,COLISÃO TRASEIRA,COM VÍTIMAS FERIDAS
443,ACESSAR A VIA SEM OBSERVAR A PRESENÇA DOS OUTROS VEÍCULOS,CAPOTAMENTO,COM VÍTIMAS FERIDAS
444,ULTRAPASSAGEM INDEVIDA,COLISÃO FRONTAL,SEM VÍTIMAS
445,AUSÊNCIA DE REAÇÃO DO CONDUTOR,COLISÃO LATERAL SENTIDO OPOSTO,COM VÍTIMAS FATAIS
446,INGESTÃO DE ÁLCOOL PELO CONDUTOR,COLISÃO TRANSVERSAL,COM VÍTIMAS FERIDAS
447,FALTA DE ELEMENTO DE CONTENÇÃO QUE EVITE A SAÍDA DO LEITO CARROÇÁVEL,SAÍDA DE LEITO CARROÇÁVEL,COM VÍTIMAS FERIDAS
448,AUSÊNCIA DE REAÇÃO DO CONDUTOR,ENGAVETAMENTO,COM VÍTIMAS FATAIS
449,AUSÊNCIA DE REAÇÃO DO CONDUTOR,ENGAVETAMENTO,SEM VÍTIMAS
450,CHUVA,COLISÃO LATERAL MESMO SENTIDO,SEM VÍTIMAS
451,FUMAÇA,INCÊNDIO,SEM VÍTIMAS
452,ACUMULO DE ÁGUA SOBRE O PAVIMENTO,SAÍDA DE LEITO CARROÇÁVEL,COM VÍTIMAS FATAIS
453,INGESTÃO DE ÁLCOOL PELO CONDUTOR,COLISÃO LATERAL MESMO SENTIDO,COM VÍTIMAS FATAIS
454,DEFICIÊNCIA DO SISTEMA DE ILUMINAÇÃO/SINALIZAÇÃO,COLISÃO TRANSVERSAL,COM VÍTIMAS FERIDAS
455,MAL SÚBITO DO CONDUTOR,QUEDA DE OCUPANTE DE VEÍCULO,COM VÍTIMAS FATAIS
456,CHUVA,QUEDA DE OCUPANTE DE VEÍCULO,COM VÍTIMAS FERIDAS
457,PISTA ESCORREGADIA,COLISÃO COM OBJETO,COM VÍTIMAS FATAIS
458,MANOBRA DE MUDANÇA DE FAIXA,COLISÃO TRASEIRA,COM VÍTIMAS FATAIS
459,MANOBRA DE MUDANÇA DE FAIXA,ENGAVETAMENTO,COM VÍTIMAS FERIDAS
460,ACUMULO DE ÁGUA SOBRE O PAVIMENTO,COLISÃO COM OBJETO,COM VÍTIMAS FERIDAS
461,DEMAIS FALHAS NA VIA,COLISÃO LATERAL MESMO SENTIDO,COM VÍTIMAS FERIDAS
462,TRANSITAR NA CONTRAMÃO,COLISÃO TRANSVERSAL,COM VÍTIMAS FERIDAS
463,FALTA DE ACOSTAMENTO,SAÍDA DE LEITO CARROÇÁVEL,COM VÍTIMAS FERIDAS
464,ULTRAPASSAGEM INDEVIDA,QUEDA DE OCUPANTE DE VEÍCULO,COM VÍTIMAS FERIDAS
465,TRANSTORNOS MENTAIS (EXCETO SUICIDIO),ATROPELAMENTO DE PEDESTRE,COM VÍTIMAS FERIDAS
466,REAÇÃO TARDIA OU INEFICIENTE DO CONDUTOR,INCÊNDIO,SEM VÍTIMAS
467,ACESSO IRREGULAR,ATROPELAMENTO DE PEDESTRE,COM VÍTIMAS FERIDAS
468,ACESSAR A VIA SEM OBSERVAR A PRESENÇA DOS OUTROS VEÍCULOS,SAÍDA DE LEITO CARROÇÁVEL,SEM VÍTIMAS
469,AUSÊNCIA DE REAÇÃO DO CONDUTOR,EVENTOS ATÍPICOS,SEM VÍTIMAS
470,ILUMINAÇÃO DEFICIENTE,COLISÃO TRASEIRA,COM VÍTIMAS FERIDAS
471,ENTRADA INOPINADA DO PEDESTRE,COLISÃO COM OBJETO,SEM VÍTIMAS
472,ACOSTAMENTO EM DESNÍVEL,CAPOTAMENTO,COM VÍTIMAS FERIDAS
473,TRANSITAR NA CONTRAMÃO,ATROPELAMENTO DE PEDESTRE,COM VÍTIMAS FATAIS
474,MANOBRA DE MUDANÇA DE FAIXA,QUEDA DE OCUPANTE DE VEÍCULO,COM VÍTIMAS FERIDAS
475,CONDUTOR DEIXOU DE MANTER DISTÂNCIA DO VEÍCULO DA FRENTE,COLISÃO TRANSVERSAL,COM VÍTIMAS FERIDAS
476,FALTA DE ACOSTAMENTO,COLISÃO TRASEIRA,COM VÍTIMAS FATAIS
477,ANIMAIS NA PISTA,ATROPELAMENTO DE ANIMAL,SEM VÍTIMAS
478,CONDUTOR DESRESPEITOU A ILUMINAÇÃO VERMELHA DO SEMÁFORO,COLISÃO TRASEIRA,COM VÍTIMAS FERIDAS
479,CURVA ACENTUADA,COLISÃO COM OBJETO,COM VÍTIMAS FERIDAS
480,INGESTÃO DE SUBSTÂNCIAS PSICOATIVAS PELO CONDUTOR,COLISÃO COM OBJETO,SEM VÍTIMAS
481,PROBLEMA COM O FREIO,COLISÃO COM OBJETO,COM VÍTIMAS FERIDAS
482,AUSÊNCIA DE REAÇÃO DO CONDUTOR,COLISÃO COM OBJETO,COM VÍTIMAS FATAIS
483,CHUVA,TOMBAMENTO,COM VÍTIMAS FERIDAS
484,OBJETO ESTÁTICO SOBRE O LEITO CARROÇÁVEL,TOMBAMENTO,COM VÍTIMAS FERIDAS
485,RETORNO PROIBIDO,COLISÃO TRANSVERSAL,COM VÍTIMAS FATAIS
486,DESVIO TEMPORÁRIO,COLISÃO TRASEIRA,COM VÍTIMAS FERIDAS
487,DESRESPEITAR A PREFERÊNCIA NO CRUZAMENTO,QUEDA DE OCUPANTE DE VEÍCULO,COM VÍTIMAS FERIDAS
488,TRANSTORNOS MENTAIS (EXCETO SUICIDIO),SAÍDA DE LEITO CARROÇÁVEL,COM VÍTIMAS FERIDAS
489,MANOBRA DE MUDANÇA DE FAIXA,TOMBAMENTO,SEM VÍTIMAS
490,INGESTÃO DE ÁLCOOL PELO CONDUTOR,ENGAVETAMENTO,SEM VÍTIMAS
491,INGESTÃO DE SUBSTÂNCIAS PSICOATIVAS PELO CONDUTOR,SAÍDA DE LEITO CARROÇÁVEL,COM VÍTIMAS FERIDAS
492,REAÇÃO TARDIA OU INEFICIENTE DO CONDUTOR,ATROPELAMENTO DE PEDESTRE,COM VÍTIMAS FATAIS
493,PISTA ESBURACADA,COLISÃO TRANSVERSAL,COM VÍTIMAS FATAIS
494,PROBLEMA COM O FREIO,INCÊNDIO,COM VÍTIMAS FERIDAS
495,CURVA ACENTUADA,COLISÃO LATERAL SENTIDO OPOSTO,COM VÍTIMAS FERIDAS
496,AVARIAS E/OU DESGASTE EXCESSIVO NO PNEU,COLISÃO TRANSVERSAL,COM VÍTIMAS FATAIS
497,MANOBRA DE MUDANÇA DE FAIXA,SAÍDA DE LEITO CARROÇÁVEL,COM VÍTIMAS FATAIS
498,DEMAIS FENÔMENOS DA NATUREZA,COLISÃO TRANSVERSAL,COM VÍTIMAS FERIDAS
499,ULTRAPASSAGEM INDEVIDA,COLISÃO LATERAL SENTIDO OPOSTO,SEM VÍTIMAS
500,CHUVA,COLISÃO COM OBJETO,SEM VÍTIMAS
501,AUSÊNCIA DE SINALIZAÇÃO,COLISÃO FRONTAL,COM VÍTIMAS FERIDAS
502,CARGA EXCESSIVA E/OU MAL ACONDICIONADA,ENGAVETAMENTO,COM VÍTIMAS FERIDAS
503,DEFICIÊNCIA DO SISTEMA DE ILUMINAÇÃO/SINALIZAÇÃO,COLISÃO TRASEIRA,COM VÍTIMAS FATAIS
504,ENTRADA INOPINADA DO PEDESTRE,COLISÃO TRASEIRA,SEM VÍTIMAS
505,DEMAIS FALHAS NA VIA,SAÍDA DE LEITO CARROÇÁVEL,COM VÍTIMAS FERIDAS
506,PISTA ESCORREGADIA,EVENTOS ATÍPICOS,SEM VÍTIMAS
507,NEBLINA,COLISÃO FRONTAL,COM VÍTIMAS FATAIS
508,ANIMAIS NA PISTA,ATROPELAMENTO DE ANIMAL,COM VÍTIMAS FATAIS
509,FREAR BRUSCAMENTE,COLISÃO TRASEIRA,SEM VÍTIMAS
510,REAÇÃO TARDIA OU INEFICIENTE DO CONDUTOR,COLISÃO LATERAL SENTIDO OPOSTO,COM VÍTIMAS FATAIS
511,VELOCIDADE INCOMPATÍVEL,COLISÃO TRANSVERSAL,COM VÍTIMAS FATAIS
512,PEDESTRE ANDAVA NA PISTA,EVENTOS ATÍPICOS,COM VÍTIMAS FATAIS
513,DEFICIÊNCIA DO SISTEMA DE ILUMINAÇÃO/SINALIZAÇÃO,INCÊNDIO,SEM VÍTIMAS
514,DEMAIS FALHAS MECÂNICAS OU ELÉTRICAS,TOMBAMENTO,COM VÍTIMAS FATAIS
515,MAL SÚBITO DO CONDUTOR,SAÍDA DE LEITO CARROÇÁVEL,COM VÍTIMAS FATAIS
516,PISTA ESCORREGADIA,COLISÃO TRANSVERSAL,SEM VÍTIMAS
517,INGESTÃO DE SUBSTÂNCIAS PSICOATIVAS PELO CONDUTOR,COLISÃO FRONTAL,COM VÍTIMAS FERIDAS
518,INGESTÃO DE ÁLCOOL PELO CONDUTOR,DERRAMAMENTO DE CARGA,SEM VÍTIMAS
519,INGESTÃO DE ÁLCOOL PELO CONDUTOR,ATROPELAMENTO DE PEDESTRE,COM VÍTIMAS FERIDAS
520,DEMAIS FALHAS MECÂNICAS OU ELÉTRICAS,COLISÃO FRONTAL,COM VÍTIMAS FATAIS
521,ILUMINAÇÃO DEFICIENTE,COLISÃO TRASEIRA,SEM VÍTIMAS
522,INGESTÃO DE ÁLCOOL PELO CONDUTOR,ENGAVETAMENTO,COM VÍTIMAS FATAIS
523,PISTA ESBURACADA,COLISÃO COM OBJETO,COM VÍTIMAS FERIDAS
524,MANOBRA DE MUDANÇA DE FAIXA,COLISÃO TRASEIRA,SEM VÍTIMAS
525,AUSÊNCIA DE REAÇÃO DO CONDUTOR,COLISÃO TRANSVERSAL,COM VÍTIMAS FATAIS
526,TRANSITAR NA CALÇADA,COLISÃO LATERAL SENTIDO OPOSTO,COM VÍTIMAS FERIDAS
527,AFUNDAMENTO OU ONDULAÇÃO NO PAVIMENTO,TOMBAMENTO,COM VÍTIMAS FERIDAS
528,AVARIAS E/OU DESGASTE EXCESSIVO NO PNEU,TOMBAMENTO,COM VÍTIMAS FERIDAS
529,CONDUTOR DEIXOU DE MANTER DISTÂNCIA DO VEÍCULO DA FRENTE,COLISÃO FRONTAL,COM VÍTIMAS FATAIS
530,DESRESPEITAR A PREFERÊNCIA NO CRUZAMENTO,COLISÃO LATERAL MESMO SENTIDO,SEM VÍTIMAS
531,AVARIAS E/OU DESGASTE EXCESSIVO NO PNEU,EVENTOS ATÍPICOS,COM VÍTIMAS FERIDAS
532,SUICÍDIO (PRESUMIDO),COLISÃO TRASEIRA,COM VÍTIMAS FERIDAS
533,MAL SÚBITO DO CONDUTOR,COLISÃO TRANSVERSAL,COM VÍTIMAS FERIDAS
534,CHUVA,COLISÃO LATERAL SENTIDO OPOSTO,COM VÍTIMAS FATAIS
535,TRANSITAR NA CONTRAMÃO,ATROPELAMENTO DE PEDESTRE,COM VÍTIMAS FERIDAS
536,REAÇÃO TARDIA OU INEFICIENTE DO CONDUTOR,QUEDA DE OCUPANTE DE VEÍCULO,COM VÍTIMAS FATAIS
537,ACUMULO DE AREIA OU DETRITOS SOBRE O PAVIMENTO,COLISÃO TRANSVERSAL,COM VÍTIMAS FERIDAS
538,ILUMINAÇÃO DEFICIENTE,COLISÃO TRANSVERSAL,COM VÍTIMAS FERIDAS
539,TRAFEGAR COM MOTOCICLETA (OU SIMILAR) ENTRE AS FAIXAS,COLISÃO TRASEIRA,COM VÍTIMAS FATAIS
540,DEMAIS FALHAS MECÂNICAS OU ELÉTRICAS,ATROPELAMENTO DE PEDESTRE,COM VÍTIMAS FATAIS
541,CHUVA,QUEDA DE OCUPANTE DE VEÍCULO,COM VÍTIMAS FATAIS
542,RESTRIÇÃO DE VISIBILIDADE EM CURVAS VERTICAIS,COLISÃO TRANSVERSAL,COM VÍTIMAS FERIDAS
543,CARGA EXCESSIVA E/OU MAL ACONDICIONADA,INCÊNDIO,SEM VÍTIMAS
544,FREAR BRUSCAMENTE,TOMBAMENTO,SEM VÍTIMAS
545,CONDUTOR DEIXOU DE MANTER DISTÂNCIA DO VEÍCULO DA FRENTE,COLISÃO LATERAL MESMO SENTIDO,COM VÍTIMAS FATAIS
546,PISTA ESCORREGADIA,COLISÃO FRONTAL,COM VÍTIMAS FATAIS
547,DEMAIS FALHAS MECÂNICAS OU ELÉTRICAS,COLISÃO FRONTAL,SEM VÍTIMAS
548,AVARIAS E/OU DESGASTE EXCESSIVO NO PNEU,COLISÃO TRANSVERSAL,COM VÍTIMAS FERIDAS
549,CONVERSÃO PROIBIDA,COLISÃO TRASEIRA,COM VÍTIMAS FERIDAS
550,INGESTÃO DE ÁLCOOL PELO CONDUTOR,CAPOTAMENTO,COM VÍTIMAS FERIDAS
551,DEMAIS FALHAS MECÂNICAS OU ELÉTRICAS,DERRAMAMENTO DE CARGA,COM VÍTIMAS FERIDAS
552,PISTA ESBURACADA,COLISÃO TRASEIRA,COM VÍTIMAS FERIDAS
553,INGESTÃO DE SUBSTÂNCIAS PSICOATIVAS PELO CONDUTOR,TOMBAMENTO,COM VÍTIMAS FERIDAS
554,DEMAIS FALHAS MECÂNICAS OU ELÉTRICAS,COLISÃO LATERAL SENTIDO OPOSTO,SEM VÍTIMAS
555,PISTA ESBURACADA,TOMBAMENTO,COM VÍTIMAS FERIDAS
556,DEFICIÊNCIA DO SISTEMA DE ILUMINAÇÃO/SINALIZAÇÃO,COLISÃO LATERAL SENTIDO OPOSTO,COM VÍTIMAS FERIDAS
557,PROBLEMA COM O FREIO,EVENTOS ATÍPICOS,SEM VÍTIMAS
558,CONDUTOR DEIXOU DE MANTER DISTÂNCIA DO VEÍCULO DA FRENTE,SAÍDA DE LEITO CARROÇÁVEL,SEM VÍTIMAS
559,DEMAIS FALHAS NA VIA,COLISÃO COM OBJETO,SEM VÍTIMAS
560,PROBLEMA COM O FREIO,COLISÃO LATERAL SENTIDO OPOSTO,SEM VÍTIMAS
561,PISTA ESBURACADA,COLISÃO TRASEIRA,SEM VÍTIMAS
562,CONDUTOR DORMINDO,COLISÃO LATERAL SENTIDO OPOSTO,COM VÍTIMAS FATAIS
563,PISTA ESBURACADA,COLISÃO LATERAL MESMO SENTIDO,SEM VÍTIMAS
564,CARGA EXCESSIVA E/OU MAL ACONDICIONADA,SAÍDA DE LEITO CARROÇÁVEL,SEM VÍTIMAS
565,PISTA ESBURACADA,TOMBAMENTO,SEM VÍTIMAS
566,PROBLEMA COM O FREIO,COLISÃO TRASEIRA,COM VÍTIMAS FATAIS
567,PROBLEMA COM O FREIO,QUEDA DE OCUPANTE DE VEÍCULO,COM VÍTIMAS FERIDAS
568,TRANSITAR NA CONTRAMÃO,COLISÃO TRANSVERSAL,COM VÍTIMAS FATAIS
569,TRANSITAR NA CONTRAMÃO,TOMBAMENTO,COM VÍTIMAS FERIDAS
570,OBJETO ESTÁTICO SOBRE O LEITO CARROÇÁVEL,COLISÃO LATERAL SENTIDO OPOSTO,SEM VÍTIMAS
571,ACUMULO DE ÁGUA SOBRE O PAVIMENTO,COLISÃO TRASEIRA,SEM VÍTIMAS
572,CONVERSÃO PROIBIDA,COLISÃO LATERAL MESMO SENTIDO,SEM VÍTIMAS
573,ESTACIONAR OU PARAR EM LOCAL PROIBIDO,COLISÃO LATERAL MESMO SENTIDO,SEM VÍTIMAS
574,CONDUTOR DEIXOU DE MANTER DISTÂNCIA DO VEÍCULO DA FRENTE,EVENTOS ATÍPICOS,COM VÍTIMAS FERIDAS
575,PROBLEMA COM O FREIO,COLISÃO COM OBJETO,SEM VÍTIMAS
576,ESTACIONAR OU PARAR EM LOCAL PROIBIDO,TOMBAMENTO,COM VÍTIMAS FERIDAS
577,MAL SÚBITO DO CONDUTOR,COLISÃO LATERAL SENTIDO OPOSTO,COM VÍTIMAS FERIDAS
578,ACESSAR A VIA SEM OBSERVAR A PRESENÇA DOS OUTROS VEÍCULOS,COLISÃO FRONTAL,COM VÍTIMAS FATAIS
579,INGESTÃO DE SUBSTÂNCIAS PSICOATIVAS PELO CONDUTOR,EVENTOS ATÍPICOS,COM VÍTIMAS FERIDAS
580,CARGA EXCESSIVA E/OU MAL ACONDICIONADA,SAÍDA DE LEITO CARROÇÁVEL,COM VÍTIMAS FERIDAS
581,REAÇÃO TARDIA OU INEFICIENTE DO CONDUTOR,EVENTOS ATÍPICOS,COM VÍTIMAS FERIDAS
582,MAL SÚBITO DO CONDUTOR,DERRAMAMENTO DE CARGA,SEM VÍTIMAS
583,OBJETO ESTÁTICO SOBRE O LEITO CARROÇÁVEL,SAÍDA DE LEITO CARROÇÁVEL,COM VÍTIMAS FERIDAS
584,ACUMULO DE ÁGUA SOBRE O PAVIMENTO,COLISÃO LATERAL MESMO SENTIDO,COM VÍTIMAS FERIDAS
585,CHUVA,EVENTOS ATÍPICOS,COM VÍTIMAS FATAIS
586,ACUMULO DE AREIA OU DETRITOS SOBRE O PAVIMENTO,DERRAMAMENTO DE CARGA,COM VÍTIMAS FERIDAS
587,TRANSITAR NA CONTRAMÃO,SAÍDA DE LEITO CARROÇÁVEL,SEM VÍTIMAS
588,PROBLEMA COM O FREIO,COLISÃO LATERAL MESMO SENTIDO,SEM VÍTIMAS
589,PROBLEMA COM O FREIO,ENGAVETAMENTO,SEM VÍTIMAS
590,TRANSITAR NO ACOSTAMENTO,COLISÃO TRANSVERSAL,COM VÍTIMAS FERIDAS
591,INGESTÃO DE ÁLCOOL PELO CONDUTOR,COLISÃO TRASEIRA,COM VÍTIMAS FATAIS
592,AVARIAS E/OU DESGASTE EXCESSIVO NO PNEU,TOMBAMENTO,SEM VÍTIMAS
593,SUICÍDIO (PRESUMIDO),COLISÃO FRONTAL,COM VÍTIMAS FERIDAS
594,ACESSAR A VIA SEM OBSERVAR A PRESENÇA DOS OUTROS VEÍCULOS,COLISÃO LATERAL SENTIDO OPOSTO,SEM VÍTIMAS
595,PEDESTRE CRUZAVA A PISTA FORA DA FAIXA,COLISÃO COM OBJETO,COM VÍTIMAS FATAIS
596,PEDESTRE - INGESTÃO DE ÁLCOOL/ SUBSTÂNCIAS PSICOATIVAS,ATROPELAMENTO DE PEDESTRE,COM VÍTIMAS FERIDAS
597,MANOBRA DE MUDANÇA DE FAIXA,EVENTOS ATÍPICOS,COM VÍTIMAS FERIDAS
598,TRAFEGAR COM MOTOCICLETA (OU SIMILAR) ENTRE AS FAIXAS,COLISÃO LATERAL SENTIDO OPOSTO,COM VÍTIMAS FERIDAS
599,CONDUTOR DORMINDO,ATROPELAMENTO DE PEDESTRE,COM VÍTIMAS FATAIS
600,DEMAIS FENÔMENOS DA NATUREZA,ATROPELAMENTO DE PEDESTRE,COM VÍTIMAS FATAIS
601,ACESSAR A VIA SEM OBSERVAR A PRESENÇA DOS OUTROS VEÍCULOS,COLISÃO TRASEIRA,COM VÍTIMAS FATAIS
602,PROBLEMA COM O FREIO,ENGAVETAMENTO,COM VÍTIMAS FERIDAS
603,ESTACIONAR OU PARAR EM LOCAL PROIBIDO,COLISÃO LATERAL SENTIDO OPOSTO,COM VÍTIMAS FERIDAS
604,CONDUTOR DEIXOU DE MANTER DISTÂNCIA DO VEÍCULO DA FRENTE,COLISÃO LATERAL SENTIDO OPOSTO,COM VÍTIMAS FERIDAS
605,FALTA DE ACOSTAMENTO,COLISÃO LATERAL SENTIDO OPOSTO,COM VÍTIMAS FERIDAS
606,TRANSITAR NA CONTRAMÃO,SAÍDA DE LEITO CARROÇÁVEL,COM VÍTIMAS FATAIS
607,CONDUTOR DEIXOU DE MANTER DISTÂNCIA DO VEÍCULO DA FRENTE,TOMBAMENTO,SEM VÍTIMAS
608,PEDESTRE CRUZAVA A PISTA FORA DA FAIXA,COLISÃO LATERAL MESMO SENTIDO,COM VÍTIMAS FERIDAS
609,ULTRAPASSAGEM INDEVIDA,TOMBAMENTO,COM VÍTIMAS FATAIS
610,NEBLINA,COLISÃO TRASEIRA,COM VÍTIMAS FATAIS
611,DEMAIS FALHAS MECÂNICAS OU ELÉTRICAS,COLISÃO LATERAL SENTIDO OPOSTO,COM VÍTIMAS FATAIS
612,RETORNO PROIBIDO,SAÍDA DE LEITO CARROÇÁVEL,COM VÍTIMAS FERIDAS
613,AVARIAS E/OU DESGASTE EXCESSIVO NO PNEU,CAPOTAMENTO,COM VÍTIMAS FERIDAS
614,OBJETO ESTÁTICO SOBRE O LEITO CARROÇÁVEL,DERRAMAMENTO DE CARGA,COM VÍTIMAS FERIDAS
615,AVARIAS E/OU DESGASTE EXCESSIVO NO PNEU,COLISÃO TRANSVERSAL,SEM VÍTIMAS
616,MANOBRA DE MUDANÇA DE FAIXA,COLISÃO TRANSVERSAL,SEM VÍTIMAS
617,ACUMULO DE ÁGUA SOBRE O PAVIMENTO,ATROPELAMENTO DE PEDESTRE,COM VÍTIMAS FERIDAS
618,ESTACIONAR OU PARAR EM LOCAL PROIBIDO,ENGAVETAMENTO,COM VÍTIMAS FERIDAS
619,PROBLEMA COM O FREIO,COLISÃO FRONTAL,COM VÍTIMAS FERIDAS
620,FREAR BRUSCAMENTE,COLISÃO LATERAL SENTIDO OPOSTO,COM VÍTIMAS FERIDAS
621,PROBLEMA COM O FREIO,ATROPELAMENTO DE PEDESTRE,COM VÍTIMAS FERIDAS
622,MANOBRA DE MUDANÇA DE FAIXA,COLISÃO COM OBJETO,COM VÍTIMAS FATAIS
623,CONDUTOR DESRESPEITOU A ILUMINAÇÃO VERMELHA DO SEMÁFORO,COLISÃO TRANSVERSAL,SEM VÍTIMAS
624,TRAFEGAR COM MOTOCICLETA (OU SIMILAR) ENTRE AS FAIXAS,COLISÃO LATERAL MESMO SENTIDO,SEM VÍTIMAS
625,MAL SÚBITO DO CONDUTOR,DERRAMAMENTO DE CARGA,COM VÍTIMAS FERIDAS
626,CURVA ACENTUADA,SAÍDA DE LEITO CARROÇÁVEL,SEM VÍTIMAS
627,CONDUTOR DEIXOU DE MANTER DISTÂNCIA DO VEÍCULO DA FRENTE,TOMBAMENTO,COM VÍTIMAS FATAIS
628,INGESTÃO DE SUBSTÂNCIAS PSICOATIVAS PELO CONDUTOR,ENGAVETAMENTO,COM VÍTIMAS FATAIS
629,PROBLEMA COM O FREIO,COLISÃO TRANSVERSAL,COM VÍTIMAS FERIDAS
630,ACUMULO DE AREIA OU DETRITOS SOBRE O PAVIMENTO,COLISÃO COM OBJETO,SEM VÍTIMAS
631,CONVERSÃO PROIBIDA,COLISÃO TRANSVERSAL,SEM VÍTIMAS
632,TRANSTORNOS MENTAIS (EXCETO SUICIDIO),TOMBAMENTO,SEM VÍTIMAS
633,CARGA EXCESSIVA E/OU MAL ACONDICIONADA,COLISÃO LATERAL MESMO SENTIDO,COM VÍTIMAS FATAIS
634,RESTRIÇÃO DE VISIBILIDADE EM CURVAS VERTICAIS,COLISÃO TRASEIRA,COM VÍTIMAS FERIDAS
635,DESRESPEITAR A PREFERÊNCIA NO CRUZAMENTO,COLISÃO TRASEIRA,COM VÍTIMAS FERIDAS
636,CONVERSÃO PROIBIDA,SAÍDA DE LEITO CARROÇÁVEL,COM VÍTIMAS FERIDAS
637,CONDUTOR DORMINDO,COLISÃO FRONTAL,SEM VÍTIMAS
638,OBJETO ESTÁTICO SOBRE O LEITO CARROÇÁVEL,COLISÃO COM OBJETO,SEM VÍTIMAS
639,OBJETO ESTÁTICO SOBRE O LEITO CARROÇÁVEL,COLISÃO LATERAL MESMO SENTIDO,SEM VÍTIMAS
640,DEFICIÊNCIA DO SISTEMA DE ILUMINAÇÃO/SINALIZAÇÃO,COLISÃO TRASEIRA,SEM VÍTIMAS
641,TRANSITAR NO ACOSTAMENTO,COLISÃO TRASEIRA,SEM VÍTIMAS
642,RETORNO PROIBIDO,COLISÃO FRONTAL,SEM VÍTIMAS
643,DEMAIS FALHAS NA VIA,COLISÃO LATERAL SENTIDO OPOSTO,COM VÍTIMAS FATAIS
644,DEMAIS FALHAS MECÂNICAS OU ELÉTRICAS,COLISÃO COM OBJETO,COM VÍTIMAS FATAIS
645,FREAR BRUSCAMENTE,COLISÃO LATERAL MESMO SENTIDO,SEM VÍTIMAS
646,CARGA EXCESSIVA E/OU MAL ACONDICIONADA,COLISÃO COM OBJETO,SEM VÍTIMAS
647,INGESTÃO DE SUBSTÂNCIAS PSICOATIVAS PELO CONDUTOR,COLISÃO TRANSVERSAL,COM VÍTIMAS FERIDAS
648,VELOCIDADE INCOMPATÍVEL,ATROPELAMENTO DE ANIMAL,COM VÍTIMAS FERIDAS
649,AUSÊNCIA DE REAÇÃO DO CONDUTOR,QUEDA DE OCUPANTE DE VEÍCULO,COM VÍTIMAS FATAIS
650,PISTA ESCORREGADIA,TOMBAMENTO,COM VÍTIMAS FATAIS
651,REAÇÃO TARDIA OU INEFICIENTE DO CONDUTOR,COLISÃO FRONTAL,SEM VÍTIMAS
652,TRANSITAR NA CONTRAMÃO,COLISÃO LATERAL MESMO SENTIDO,COM VÍTIMAS FERIDAS
653,ACESSAR A VIA SEM OBSERVAR A PRESENÇA DOS OUTROS VEÍCULOS,TOMBAMENTO,COM VÍTIMAS FATAIS
654,ENTRADA INOPINADA DO PEDESTRE,COLISÃO TRASEIRA,COM VÍTIMAS FERIDAS
655,AUSÊNCIA DE SINALIZAÇÃO,SAÍDA DE LEITO CARROÇÁVEL,COM VÍTIMAS FATAIS
656,PROBLEMA COM O FREIO,ENGAVETAMENTO,COM VÍTIMAS FATAIS
657,CONDUTOR USANDO CELULAR,COLISÃO TRANSVERSAL,COM VÍTIMAS FERIDAS
658,RESTRIÇÃO DE VISIBILIDADE EM CURVAS VERTICAIS,COLISÃO TRANSVERSAL,COM VÍTIMAS FATAIS
659,ACUMULO DE ÓLEO SOBRE O PAVIMENTO,QUEDA DE OCUPANTE DE VEÍCULO,COM VÍTIMAS FERIDAS
660,ACUMULO DE ÓLEO SOBRE O PAVIMENTO,COLISÃO TRANSVERSAL,COM VÍTIMAS FERIDAS
661,CONDUTOR USANDO CELULAR,SAÍDA DE LEITO CARROÇÁVEL,SEM VÍTIMAS
662,NEBLINA,COLISÃO LATERAL SENTIDO OPOSTO,COM VÍTIMAS FATAIS
663,CURVA ACENTUADA,COLISÃO TRANSVERSAL,SEM VÍTIMAS
664,ACUMULO DE AREIA OU DETRITOS SOBRE O PAVIMENTO,TOMBAMENTO,COM VÍTIMAS FERIDAS
665,CARGA EXCESSIVA E/OU MAL ACONDICIONADA,INCÊNDIO,COM VÍTIMAS FERIDAS
666,CONDUTOR DORMINDO,COLISÃO TRANSVERSAL,COM VÍTIMAS FATAIS
667,INGESTÃO DE ÁLCOOL PELO CONDUTOR,TOMBAMENTO,COM VÍTIMAS FATAIS
668,PISTA ESBURACADA,COLISÃO TRANSVERSAL,COM VÍTIMAS FERIDAS
669,CARGA EXCESSIVA E/OU MAL ACONDICIONADA,COLISÃO TRASEIRA,COM VÍTIMAS FERIDAS
670,VELOCIDADE INCOMPATÍVEL,ATROPELAMENTO DE PEDESTRE,COM VÍTIMAS FERIDAS
671,ANIMAIS NA PISTA,SAÍDA DE LEITO CARROÇÁVEL,SEM VÍTIMAS
672,RESTRIÇÃO DE VISIBILIDADE EM CURVAS HORIZONTAIS,COLISÃO LATERAL MESMO SENTIDO,COM VÍTIMAS FERIDAS
673,RESTRIÇÃO DE VISIBILIDADE EM CURVAS HORIZONTAIS,COLISÃO TRASEIRA,COM VÍTIMAS FERIDAS
674,CONDUTOR DORMINDO,QUEDA DE OCUPANTE DE VEÍCULO,COM VÍTIMAS FERIDAS
675,PISTA ESBURACADA,COLISÃO LATERAL SENTIDO OPOSTO,SEM VÍTIMAS
676,DESRESPEITAR A PREFERÊNCIA NO CRUZAMENTO,COLISÃO TRASEIRA,SEM VÍTIMAS
677,ILUMINAÇÃO DEFICIENTE,ATROPELAMENTO DE PEDESTRE,COM VÍTIMAS FATAIS
678,FALTA DE ACOSTAMENTO,COLISÃO LATERAL MESMO SENTIDO,COM VÍTIMAS FATAIS
679,TRAFEGAR COM MOTOCICLETA (OU SIMILAR) ENTRE AS FAIXAS,ENGAVETAMENTO,COM VÍTIMAS FERIDAS
680,ACESSO IRREGULAR,TOMBAMENTO,COM VÍTIMAS FATAIS
681,AUSÊNCIA DE SINALIZAÇÃO,COLISÃO LATERAL SENTIDO OPOSTO,COM VÍTIMAS FERIDAS
682,PISTA ESBURACADA,QUEDA DE OCUPANTE DE VEÍCULO,COM VÍTIMAS FERIDAS
683,ESTACIONAR OU PARAR EM LOCAL PROIBIDO,ATROPELAMENTO DE PEDESTRE,COM VÍTIMAS FERIDAS
684,AUSÊNCIA DE REAÇÃO DO CONDUTOR,COLISÃO TRANSVERSAL,SEM VÍTIMAS
685,MANOBRA DE MUDANÇA DE FAIXA,COLISÃO FRONTAL,SEM VÍTIMAS
686,DEFICIÊNCIA DO SISTEMA DE ILUMINAÇÃO/SINALIZAÇÃO,COLISÃO FRONTAL,COM VÍTIMAS FATAIS
687,CONDUTOR DEIXOU DE MANTER DISTÂNCIA DO VEÍCULO DA FRENTE,ENGAVETAMENTO,COM VÍTIMAS FATAIS
688,PROBLEMA NA SUSPENSÃO,EVENTOS ATÍPICOS,COM VÍTIMAS FATAIS
689,DEMAIS FALHAS MECÂNICAS OU ELÉTRICAS,COLISÃO TRANSVERSAL,SEM VÍTIMAS
690,MANOBRA DE MUDANÇA DE FAIXA,COLISÃO COM OBJETO,SEM VÍTIMAS
691,DEMAIS FENÔMENOS DA NATUREZA,INCÊNDIO,SEM VÍTIMAS
692,MAL SÚBITO DO CONDUTOR,COLISÃO COM OBJETO,SEM VÍTIMAS
693,DEMAIS FALHAS MECÂNICAS OU ELÉTRICAS,ENGAVETAMENTO,SEM VÍTIMAS
694,FAIXAS DE TRÂNSITO COM LARGURA INSUFICIENTE,COLISÃO LATERAL MESMO SENTIDO,COM VÍTIMAS FERIDAS
695,CHUVA,CAPOTAMENTO,COM VÍTIMAS FATAIS
696,TRANSITAR NA CONTRAMÃO,COLISÃO TRANSVERSAL,SEM VÍTIMAS
697,INGESTÃO DE ÁLCOOL PELO CONDUTOR,QUEDA DE OCUPANTE DE VEÍCULO,COM VÍTIMAS FERIDAS
698,TRANSITAR NO ACOSTAMENTO,COLISÃO TRANSVERSAL,SEM VÍTIMAS
699,CONDUTOR DORMINDO,COLISÃO TRASEIRA,SEM VÍTIMAS
700,ENTRADA INOPINADA DO PEDESTRE,COLISÃO TRANSVERSAL,COM VÍTIMAS FERIDAS
701,DESVIO TEMPORÁRIO,COLISÃO TRANSVERSAL,COM VÍTIMAS FERIDAS
702,AVARIAS E/OU DESGASTE EXCESSIVO NO PNEU,COLISÃO FRONTAL,COM VÍTIMAS FERIDAS
703,ACUMULO DE ÁGUA SOBRE O PAVIMENTO,CAPOTAMENTO,COM VÍTIMAS FERIDAS
704,AUSÊNCIA DE REAÇÃO DO CONDUTOR,DERRAMAMENTO DE CARGA,COM VÍTIMAS FERIDAS
705,TRANSTORNOS MENTAIS (EXCETO SUICIDIO),ATROPELAMENTO DE PEDESTRE,COM VÍTIMAS FATAIS
706,AUSÊNCIA DE SINALIZAÇÃO,COLISÃO TRANSVERSAL,COM VÍTIMAS FERIDAS
707,ACESSO IRREGULAR,SAÍDA DE LEITO CARROÇÁVEL,COM VÍTIMAS FATAIS
708,INGESTÃO DE ÁLCOOL PELO CONDUTOR,COLISÃO COM OBJETO,COM VÍTIMAS FERIDAS
709,INGESTÃO DE ÁLCOOL PELO CONDUTOR,ATROPELAMENTO DE PEDESTRE,COM VÍTIMAS FATAIS
710,PEDESTRE ANDAVA NA PISTA,SINISTRO PESSOAL DE TRÂNSITO,COM VÍTIMAS FATAIS
711,AUSÊNCIA DE SINALIZAÇÃO,TOMBAMENTO,COM VÍTIMAS FERIDAS
712,VELOCIDADE INCOMPATÍVEL,CAPOTAMENTO,SEM VÍTIMAS
713,TRANSTORNOS MENTAIS (EXCETO SUICIDIO),COLISÃO COM OBJETO,SEM VÍTIMAS
714,AVARIAS E/OU DESGASTE EXCESSIVO NO PNEU,QUEDA DE OCUPANTE DE VEÍCULO,COM VÍTIMAS FERIDAS
715,ANIMAIS NA PISTA,QUEDA DE OCUPANTE DE VEÍCULO,COM VÍTIMAS FERIDAS
716,CONDUTOR DEIXOU DE MANTER DISTÂNCIA DO VEÍCULO DA FRENTE,QUEDA DE OCUPANTE DE VEÍCULO,COM VÍTIMAS FERIDAS
717,INGESTÃO DE ÁLCOOL PELO CONDUTOR,SAÍDA DE LEITO CARROÇÁVEL,COM VÍTIMAS FATAIS
718,AVARIAS E/OU DESGASTE EXCESSIVO NO PNEU,SAÍDA DE LEITO CARROÇÁVEL,SEM VÍTIMAS
719,CONDUTOR DESRESPEITOU A ILUMINAÇÃO VERMELHA DO SEMÁFORO,COLISÃO LATERAL MESMO SENTIDO,COM VÍTIMAS FERIDAS
720,MAL SÚBITO DO CONDUTOR,QUEDA DE OCUPANTE DE VEÍCULO,COM VÍTIMAS FERIDAS
721,DEMAIS FALHAS NA VIA,QUEDA DE OCUPANTE DE VEÍCULO,COM VÍTIMAS FERIDAS
722,PISTA ESBURACADA,TOMBAMENTO,COM VÍTIMAS FATAIS
723,RETORNO PROIBIDO,COLISÃO LATERAL SENTIDO OPOSTO,COM VÍTIMAS FERIDAS
724,CONVERSÃO PROIBIDA,SAÍDA DE LEITO CARROÇÁVEL,SEM VÍTIMAS
725,CHUVA,CAPOTAMENTO,COM VÍTIMAS FERIDAS
726,CONDUTOR USANDO CELULAR,ENGAVETAMENTO,COM VÍTIMAS FERIDAS
727,TRANSITAR NO ACOSTAMENTO,ATROPELAMENTO DE PEDESTRE,COM VÍTIMAS FATAIS
728,ANIMAIS NA PISTA,TOMBAMENTO,COM VÍTIMAS FERIDAS
729,AUSÊNCIA DE REAÇÃO DO CONDUTOR,CAPOTAMENTO,SEM VÍTIMAS
730,TRANSITAR NO ACOSTAMENTO,QUEDA DE OCUPANTE DE VEÍCULO,COM VÍTIMAS FERIDAS
731,TRANSTORNOS MENTAIS (EXCETO SUICIDIO),COLISÃO TRANSVERSAL,COM VÍTIMAS FERIDAS
732,VELOCIDADE INCOMPATÍVEL,COLISÃO FRONTAL,SEM VÍTIMAS
733,SINALIZAÇÃO MAL POSICIONADA,SAÍDA DE LEITO CARROÇÁVEL,COM VÍTIMAS FERIDAS
734,ACUMULO DE ÁGUA SOBRE O PAVIMENTO,QUEDA DE OCUPANTE DE VEÍCULO,COM VÍTIMAS FERIDAS
735,INGESTÃO DE ÁLCOOL PELO CONDUTOR,QUEDA DE OCUPANTE DE VEÍCULO,SEM VÍTIMAS
736,AVARIAS E/OU DESGASTE EXCESSIVO NO PNEU,COLISÃO LATERAL SENTIDO OPOSTO,COM VÍTIMAS FERIDAS
737,CHUVA,ENGAVETAMENTO,SEM VÍTIMAS
738,VELOCIDADE INCOMPATÍVEL,QUEDA DE OCUPANTE DE VEÍCULO,COM VÍTIMAS FERIDAS
739,CHUVA,CAPOTAMENTO,SEM VÍTIMAS
740,FREAR BRUSCAMENTE,ENGAVETAMENTO,COM VÍTIMAS FERIDAS
741,PROBLEMA NA SUSPENSÃO,SAÍDA DE LEITO CARROÇÁVEL,SEM VÍTIMAS
742,AUSÊNCIA DE REAÇÃO DO CONDUTOR,COLISÃO FRONTAL,SEM VÍTIMAS
743,CONVERSÃO PROIBIDA,COLISÃO LATERAL SENTIDO OPOSTO,SEM VÍTIMAS
744,CONDUTOR DORMINDO,CAPOTAMENTO,SEM VÍTIMAS
745,TRANSITAR NA CALÇADA,ATROPELAMENTO DE PEDESTRE,COM VÍTIMAS FERIDAS
746,CONVERSÃO PROIBIDA,QUEDA DE OCUPANTE DE VEÍCULO,COM VÍTIMAS FERIDAS
747,ULTRAPASSAGEM INDEVIDA,COLISÃO TRASEIRA,COM VÍTIMAS FATAIS
748,PISTA ESCORREGADIA,SAÍDA DE LEITO CARROÇÁVEL,COM VÍTIMAS FATAIS
749,INGESTÃO DE ÁLCOOL PELO CONDUTOR,CAPOTAMENTO,SEM VÍTIMAS
750,DEMAIS FALHAS NA VIA,CAPOTAMENTO,COM VÍTIMAS FERIDAS
751,AUSÊNCIA DE REAÇÃO DO CONDUTOR,ATROPELAMENTO DE ANIMAL,COM VÍTIMAS FERIDAS
752,CONDUTOR DORMINDO,COLISÃO TRANSVERSAL,SEM VÍTIMAS
753,ACOSTAMENTO EM DESNÍVEL,QUEDA DE OCUPANTE DE VEÍCULO,COM VÍTIMAS FERIDAS
754,AUSÊNCIA DE SINALIZAÇÃO,QUEDA DE OCUPANTE DE VEÍCULO,COM VÍTIMAS FERIDAS
755,TRAFEGAR COM MOTOCICLETA (OU SIMILAR) ENTRE AS FAIXAS,QUEDA DE OCUPANTE DE VEÍCULO,COM VÍTIMAS FERIDAS
756,CONDUTOR USANDO CELULAR,ATROPELAMENTO DE PEDESTRE,COM VÍTIMAS FATAIS
757,TRAFEGAR COM MOTOCICLETA (OU SIMILAR) ENTRE AS FAIXAS,ATROPELAMENTO DE PEDESTRE,COM VÍTIMAS FERIDAS
758,CURVA ACENTUADA,QUEDA DE OCUPANTE DE VEÍCULO,COM VÍTIMAS FERIDAS
759,ILUMINAÇÃO DEFICIENTE,COLISÃO LATERAL MESMO SENTIDO,COM VÍTIMAS FERIDAS
760,ACUMULO DE AREIA OU DETRITOS SOBRE O PAVIMENTO,SAÍDA DE LEITO CARROÇÁVEL,COM VÍTIMAS FERIDAS
761,ACESSO IRREGULAR,COLISÃO TRASEIRA,SEM VÍTIMAS
762,RETORNO PROIBIDO,TOMBAMENTO,COM VÍTIMAS FERIDAS
763,INGESTÃO DE ÁLCOOL PELO CONDUTOR,ENGAVETAMENTO,COM VÍTIMAS FERIDAS
764,VELOCIDADE INCOMPATÍVEL,CAPOTAMENTO,COM VÍTIMAS FATAIS
765,REAÇÃO TARDIA OU INEFICIENTE DO CONDUTOR,ATROPELAMENTO DE ANIMAL,COM VÍTIMAS FERIDAS
766,ACUMULO DE AREIA OU DETRITOS SOBRE O PAVIMENTO,QUEDA DE OCUPANTE DE VEÍCULO,COM VÍTIMAS FERIDAS
767,INGESTÃO DE ÁLCOOL PELO CONDUTOR,COLISÃO COM OBJETO,COM VÍTIMAS FATAIS
768,ACUMULO DE AREIA OU DETRITOS SOBRE O PAVIMENTO,TOMBAMENTO,COM VÍTIMAS FATAIS
769,PISTA ESBURACADA,SAÍDA DE LEITO CARROÇÁVEL,COM VÍTIMAS FATAIS
770,TRANSITAR NA CONTRAMÃO,QUEDA DE OCUPANTE DE VEÍCULO,COM VÍTIMAS FERIDAS
771,FREAR BRUSCAMENTE,QUEDA DE OCUPANTE DE VEÍCULO,COM VÍTIMAS FERIDAS
772,CARGA EXCESSIVA E/OU MAL ACONDICIONADA,COLISÃO FRONTAL,COM VÍTIMAS FERIDAS
773,TRAFEGAR COM MOTOCICLETA (OU SIMILAR) ENTRE AS FAIXAS,COLISÃO FRONTAL,COM VÍTIMAS FERIDAS
774,ACESSO IRREGULAR,SAÍDA DE LEITO CARROÇÁVEL,SEM VÍTIMAS
775,DESRESPEITAR A PREFERÊNCIA NO CRUZAMENTO,COLISÃO LATERAL SENTIDO OPOSTO,COM VÍTIMAS FERIDAS
776,ENTRADA INOPINADA DO PEDESTRE,COLISÃO COM OBJETO,COM VÍTIMAS FERIDAS
777,PISTA ESCORREGADIA,CAPOTAMENTO,COM VÍTIMAS FERIDAS
778,REDUTOR DE VELOCIDADE EM DESACORDO,QUEDA DE OCUPANTE DE VEÍCULO,COM VÍTIMAS FATAIS
779,DESRESPEITAR A PREFERÊNCIA NO CRUZAMENTO,SAÍDA DE LEITO CARROÇÁVEL,COM VÍTIMAS FERIDAS
780,TRANSTORNOS MENTAIS (EXCETO SUICIDIO),QUEDA DE OCUPANTE DE VEÍCULO,COM VÍTIMAS FERIDAS
781,CONVERSÃO PROIBIDA,COLISÃO LATERAL SENTIDO OPOSTO,COM VÍTIMAS FERIDAS
782,VELOCIDADE INCOMPATÍVEL,ATROPELAMENTO DE PEDESTRE,COM VÍTIMAS FATAIS
783,PEDESTRE ANDAVA NA PISTA,COLISÃO TRASEIRA,COM VÍTIMAS FERIDAS
784,MAL SÚBITO DO CONDUTOR,COLISÃO COM OBJETO,COM VÍTIMAS FATAIS
785,SUICÍDIO (PRESUMIDO),SAÍDA DE LEITO CARROÇÁVEL,COM VÍTIMAS FERIDAS
786,ACUMULO DE ÓLEO SOBRE O PAVIMENTO,CAPOTAMENTO,COM VÍTIMAS FERIDAS
787,ACUMULO DE ÓLEO SOBRE O PAVIMENTO,COLISÃO FRONTAL,COM VÍTIMAS FERIDAS
788,SUICÍDIO (PRESUMIDO),COLISÃO COM OBJETO,COM VÍTIMAS FERIDAS
789,ULTRAPASSAGEM INDEVIDA,ENGAVETAMENTO,SEM VÍTIMAS
790,INGESTÃO DE ÁLCOOL PELO CONDUTOR,QUEDA DE OCUPANTE DE VEÍCULO,COM VÍTIMAS FATAIS
791,AUSÊNCIA DE REAÇÃO DO CONDUTOR,EVENTOS ATÍPICOS,COM VÍTIMAS FERIDAS
792,TRANSITAR NA CONTRAMÃO,QUEDA DE OCUPANTE DE VEÍCULO,COM VÍTIMAS FATAIS
793,DEMAIS FALHAS NA VIA,COLISÃO COM OBJETO,COM VÍTIMAS FERIDAS
794,REAÇÃO TARDIA OU INEFICIENTE DO CONDUTOR,CAPOTAMENTO,SEM VÍTIMAS
795,DEFICIÊNCIA DO SISTEMA DE ILUMINAÇÃO/SINALIZAÇÃO,SAÍDA DE LEITO CARROÇÁVEL,COM VÍTIMAS FERIDAS
796,PISTA ESCORREGADIA,CAPOTAMENTO,SEM VÍTIMAS
797,CONDUTOR USANDO CELULAR,COLISÃO COM OBJETO,COM VÍTIMAS FERIDAS
798,ILUMINAÇÃO DEFICIENTE,COLISÃO COM OBJETO,COM VÍTIMAS FERIDAS
799,ACUMULO DE AREIA OU DETRITOS SOBRE O PAVIMENTO,CAPOTAMENTO,SEM VÍTIMAS
800,SINALIZAÇÃO ENCOBERTA,COLISÃO LATERAL MESMO SENTIDO,COM VÍTIMAS FERIDAS
801,PISTA ESBURACADA,CAPOTAMENTO,COM VÍTIMAS FERIDAS
802,ENTRADA INOPINADA DO PEDESTRE,QUEDA DE OCUPANTE DE VEÍCULO,COM VÍTIMAS FERIDAS
803,ULTRAPASSAGEM INDEVIDA,ATROPELAMENTO DE PEDESTRE,COM VÍTIMAS FERIDAS
804,CONVERSÃO PROIBIDA,COLISÃO TRASEIRA,COM VÍTIMAS FATAIS
805,MANOBRA DE MUDANÇA DE FAIXA,SAÍDA DE LEITO CARROÇÁVEL,SEM VÍTIMAS
806,OBJETO ESTÁTICO SOBRE O LEITO CARROÇÁVEL,CAPOTAMENTO,COM VÍTIMAS FERIDAS
807,ACOSTAMENTO EM DESNÍVEL,COLISÃO COM OBJETO,COM VÍTIMAS FERIDAS
808,ULTRAPASSAGEM INDEVIDA,CAPOTAMENTO,COM VÍTIMAS FERIDAS
809,ANIMAIS NA PISTA,COLISÃO COM OBJETO,SEM VÍTIMAS
810,ILUMINAÇÃO DEFICIENTE,ATROPELAMENTO DE PEDESTRE,COM VÍTIMAS FERIDAS
811,ACUMULO DE ÁGUA SOBRE O PAVIMENTO,ENGAVETAMENTO,COM VÍTIMAS FERIDAS
812,CURVA ACENTUADA,TOMBAMENTO,SEM VÍTIMAS
813,AFUNDAMENTO OU ONDULAÇÃO NO PAVIMENTO,EVENTOS ATÍPICOS,COM VÍTIMAS FERIDAS
814,ACESSAR A VIA SEM OBSERVAR A PRESENÇA DOS OUTROS VEÍCULOS,QUEDA DE OCUPANTE DE VEÍCULO,SEM VÍTIMAS
815,REAÇÃO TARDIA OU INEFICIENTE DO CONDUTOR,QUEDA DE OCUPANTE DE VEÍCULO,SEM VÍTIMAS
816,ACESSAR A VIA SEM OBSERVAR A PRESENÇA DOS OUTROS VEÍCULOS,ATROPELAMENTO DE ANIMAL,COM VÍTIMAS FATAIS
817,AFUNDAMENTO OU ONDULAÇÃO NO PAVIMENTO,COLISÃO FRONTAL,COM VÍTIMAS FATAIS
818,DEMAIS FALHAS NA VIA,SAÍDA DE LEITO CARROÇÁVEL,COM VÍTIMAS FATAIS
819,MAL SÚBITO DO CONDUTOR,COLISÃO TRASEIRA,COM VÍTIMAS FATAIS
820,CONDUTOR USANDO CELULAR,CAPOTAMENTO,COM VÍTIMAS FERIDAS
821,AUSÊNCIA DE SINALIZAÇÃO,ATROPELAMENTO DE PEDESTRE,COM VÍTIMAS FERIDAS
822,MAL SÚBITO DO CONDUTOR,COLISÃO TRASEIRA,SEM VÍTIMAS
823,PEDESTRE ANDAVA NA PISTA,QUEDA DE OCUPANTE DE VEÍCULO,COM VÍTIMAS FERIDAS
824,SUICÍDIO (PRESUMIDO),SAÍDA DE LEITO CARROÇÁVEL,COM VÍTIMAS FATAIS
825,PEDESTRE ANDAVA NA PISTA,COLISÃO LATERAL MESMO SENTIDO,COM VÍTIMAS FERIDAS
826,CONDUTOR USANDO CELULAR,SAÍDA DE LEITO CARROÇÁVEL,COM VÍTIMAS FATAIS
827,TRAFEGAR COM MOTOCICLETA (OU SIMILAR) ENTRE AS FAIXAS,COLISÃO TRASEIRA,SEM VÍTIMAS
828,TRANSITAR NO ACOSTAMENTO,SAÍDA DE LEITO CARROÇÁVEL,COM VÍTIMAS FATAIS
829,DEFICIÊNCIA DO SISTEMA DE ILUMINAÇÃO/SINALIZAÇÃO,TOMBAMENTO,COM VÍTIMAS FERIDAS
830,ACUMULO DE ÁGUA SOBRE O PAVIMENTO,COLISÃO COM OBJETO,SEM VÍTIMAS
831,PROBLEMA COM O FREIO,CAPOTAMENTO,SEM VÍTIMAS
832,AUSÊNCIA DE REAÇÃO DO CONDUTOR,QUEDA DE OCUPANTE DE VEÍCULO,SEM VÍTIMAS
833,TRANSITAR NA CONTRAMÃO,COLISÃO COM OBJETO,SEM VÍTIMAS
834,ACESSO IRREGULAR,SAÍDA DE LEITO CARROÇÁVEL,COM VÍTIMAS FERIDAS
835,DEMAIS FENÔMENOS DA NATUREZA,COLISÃO COM OBJETO,SEM VÍTIMAS
836,MAL SÚBITO DO CONDUTOR,EVENTOS ATÍPICOS,COM VÍTIMAS FERIDAS
837,ACUMULO DE AREIA OU DETRITOS SOBRE O PAVIMENTO,COLISÃO COM OBJETO,COM VÍTIMAS FERIDAS
838,SUICÍDIO (PRESUMIDO),SINISTRO PESSOAL DE TRÂNSITO,COM VÍTIMAS FATAIS
839,PISTA ESBURACADA,SAÍDA DE LEITO CARROÇÁVEL,SEM VÍTIMAS
840,OBJETO ESTÁTICO SOBRE O LEITO CARROÇÁVEL,COLISÃO TRASEIRA,SEM VÍTIMAS
841,ANIMAIS NA PISTA,ENGAVETAMENTO,COM VÍTIMAS FERIDAS
842,DESVIO TEMPORÁRIO,QUEDA DE OCUPANTE DE VEÍCULO,COM VÍTIMAS FERIDAS
843,OBJETO ESTÁTICO SOBRE O LEITO CARROÇÁVEL,QUEDA DE OCUPANTE DE VEÍCULO,COM VÍTIMAS FERIDAS
844,AVARIAS E/OU DESGASTE EXCESSIVO NO PNEU,SAÍDA DE LEITO CARROÇÁVEL,COM VÍTIMAS FATAIS
845,INGESTÃO DE SUBSTÂNCIAS PSICOATIVAS PELO CONDUTOR,COLISÃO TRASEIRA,COM VÍTIMAS FATAIS
846,FAIXAS DE TRÂNSITO COM LARGURA INSUFICIENTE,ATROPELAMENTO DE PEDESTRE,COM VÍTIMAS FERIDAS
847,RETORNO PROIBIDO,COLISÃO LATERAL SENTIDO OPOSTO,SEM VÍTIMAS
848,ÁREA URBANA SEM A PRESENÇA DE LOCAL APROPRIADO PARA A TRAVESSIA DE PEDESTRES,ATROPELAMENTO DE PEDESTRE,COM VÍTIMAS FATAIS
849,FREAR BRUSCAMENTE,CAPOTAMENTO,COM VÍTIMAS FERIDAS
850,AVARIAS E/OU DESGASTE EXCESSIVO NO PNEU,COLISÃO COM OBJETO,SEM VÍTIMAS
851,MANOBRA DE MUDANÇA DE FAIXA,ATROPELAMENTO DE PEDESTRE,COM VÍTIMAS FERIDAS
852,CHUVA,TOMBAMENTO,COM VÍTIMAS FATAIS
853,AUSÊNCIA DE SINALIZAÇÃO,COLISÃO COM OBJETO,SEM VÍTIMAS
854,PARTICIPAR DE RACHA,COLISÃO COM OBJETO,COM VÍTIMAS FATAIS
855,PISTA ESCORREGADIA,COLISÃO TRASEIRA,COM VÍTIMAS FERIDAS
856,CONVERSÃO PROIBIDA,SAÍDA DE LEITO CARROÇÁVEL,COM VÍTIMAS FATAIS
857,VELOCIDADE INCOMPATÍVEL,QUEDA DE OCUPANTE DE VEÍCULO,COM VÍTIMAS FATAIS
858,MANOBRA DE MUDANÇA DE FAIXA,CAPOTAMENTO,COM VÍTIMAS FERIDAS
859,FAIXAS DE TRÂNSITO COM LARGURA INSUFICIENTE,COLISÃO LATERAL SENTIDO OPOSTO,SEM VÍTIMAS
860,TRANSTORNOS MENTAIS (EXCETO SUICIDIO),COLISÃO TRASEIRA,SEM VÍTIMAS
861,PEDESTRE ANDAVA NA PISTA,TOMBAMENTO,COM VÍTIMAS FERIDAS
862,DEFICIÊNCIA DO SISTEMA DE ILUMINAÇÃO/SINALIZAÇÃO,COLISÃO FRONTAL,COM VÍTIMAS FERIDAS
863,FALTA DE ELEMENTO DE CONTENÇÃO QUE EVITE A SAÍDA DO LEITO CARROÇÁVEL,CAPOTAMENTO,SEM VÍTIMAS
864,ANIMAIS NA PISTA,COLISÃO COM OBJETO,COM VÍTIMAS FERIDAS
865,ÁREA URBANA SEM A PRESENÇA DE LOCAL APROPRIADO PARA A TRAVESSIA DE PEDESTRES,ENGAVETAMENTO,SEM VÍTIMAS
866,ULTRAPASSAGEM INDEVIDA,COLISÃO TRANSVERSAL,COM VÍTIMAS FATAIS
867,ACESSAR A VIA SEM OBSERVAR A PRESENÇA DOS OUTROS VEÍCULOS,SAÍDA DE LEITO CARROÇÁVEL,COM VÍTIMAS FATAIS
868,PROBLEMA NA SUSPENSÃO,TOMBAMENTO,COM VÍTIMAS FERIDAS
869,ILUMINAÇÃO DEFICIENTE,COLISÃO COM OBJETO,SEM VÍTIMAS
870,FREAR BRUSCAMENTE,QUEDA DE OCUPANTE DE VEÍCULO,SEM VÍTIMAS
871,MODIFICAÇÃO PROIBIDA,COLISÃO TRANSVERSAL,COM VÍTIMAS FERIDAS
872,ACUMULO DE ÓLEO SOBRE O PAVIMENTO,SAÍDA DE LEITO CARROÇÁVEL,SEM VÍTIMAS
873,DEFICIÊNCIA DO SISTEMA DE ILUMINAÇÃO/SINALIZAÇÃO,COLISÃO COM OBJETO,SEM VÍTIMAS
874,TRANSITAR NA CALÇADA,COLISÃO TRANSVERSAL,COM VÍTIMAS FERIDAS
875,ANIMAIS NA PISTA,COLISÃO TRASEIRA,SEM VÍTIMAS
876,TRANSITAR NA CONTRAMÃO,COLISÃO TRASEIRA,COM VÍTIMAS FERIDAS
877,INGESTÃO DE ÁLCOOL PELO CONDUTOR,ATROPELAMENTO DE PEDESTRE,SEM VÍTIMAS
878,DESRESPEITAR A PREFERÊNCIA NO CRUZAMENTO,COLISÃO TRASEIRA,COM VÍTIMAS FATAIS
879,PISTA ESBURACADA,CAPOTAMENTO,COM VÍTIMAS FATAIS
880,INGESTÃO DE SUBSTÂNCIAS PSICOATIVAS PELO CONDUTOR,COLISÃO COM OBJETO,COM VÍTIMAS FERIDAS
881,ACESSO IRREGULAR,COLISÃO FRONTAL,COM VÍTIMAS FATAIS
882,INGESTÃO DE SUBSTÂNCIAS PSICOATIVAS PELO CONDUTOR,SAÍDA DE LEITO CARROÇÁVEL,SEM VÍTIMAS
883,DEMAIS FALHAS MECÂNICAS OU ELÉTRICAS,QUEDA DE OCUPANTE DE VEÍCULO,SEM VÍTIMAS
884,RETORNO PROIBIDO,SAÍDA DE LEITO CARROÇÁVEL,SEM VÍTIMAS
885,PEDESTRE - INGESTÃO DE ÁLCOOL/ SUBSTÂNCIAS PSICOATIVAS,QUEDA DE OCUPANTE DE VEÍCULO,COM VÍTIMAS FERIDAS
886,MAL SÚBITO DO CONDUTOR,CAPOTAMENTO,COM VÍTIMAS FERIDAS
887,CHUVA,COLISÃO TRANSVERSAL,COM VÍTIMAS FATAIS
888,PEDESTRE CRUZAVA A PISTA FORA DA FAIXA,COLISÃO TRANSVERSAL,COM VÍTIMAS FATAIS
889,VELOCIDADE INCOMPATÍVEL,QUEDA DE OCUPANTE DE VEÍCULO,SEM VÍTIMAS
890,PROBLEMA NA SUSPENSÃO,SAÍDA DE LEITO CARROÇÁVEL,COM VÍTIMAS FERIDAS
891,PISTA ESBURACADA,COLISÃO COM OBJETO,COM VÍTIMAS FATAIS
892,AFUNDAMENTO OU ONDULAÇÃO NO PAVIMENTO,QUEDA DE OCUPANTE DE VEÍCULO,SEM VÍTIMAS
893,DEIXAR DE ACIONAR O FAROL DA MOTOCICLETA (OU SIMILAR),COLISÃO TRASEIRA,COM VÍTIMAS FERIDAS
894,DEMAIS FALHAS NA VIA,ATROPELAMENTO DE PEDESTRE,COM VÍTIMAS FERIDAS
895,ACUMULO DE ÁGUA SOBRE O PAVIMENTO,EVENTOS ATÍPICOS,SEM VÍTIMAS
896,PISTA ESCORREGADIA,COLISÃO COM OBJETO,SEM VÍTIMAS
897,PEDESTRE CRUZAVA A PISTA FORA DA FAIXA,COLISÃO TRANSVERSAL,COM VÍTIMAS FERIDAS
898,ACUMULO DE AREIA OU DETRITOS SOBRE O PAVIMENTO,EVENTOS ATÍPICOS,SEM VÍTIMAS
899,AFUNDAMENTO OU ONDULAÇÃO NO PAVIMENTO,SAÍDA DE LEITO CARROÇÁVEL,SEM VÍTIMAS
900,REAÇÃO TARDIA OU INEFICIENTE DO CONDUTOR,ATROPELAMENTO DE ANIMAL,SEM VÍTIMAS
901,DEMAIS FALHAS NA VIA,QUEDA DE OCUPANTE DE VEÍCULO,SEM VÍTIMAS
902,ACESSO IRREGULAR,ENGAVETAMENTO,COM VÍTIMAS FERIDAS
903,SINALIZAÇÃO MAL POSICIONADA,COLISÃO TRANSVERSAL,COM VÍTIMAS FERIDAS
904,OBJETO ESTÁTICO SOBRE O LEITO CARROÇÁVEL,ENGAVETAMENTO,COM VÍTIMAS FERIDAS
905,FALTA DE ACOSTAMENTO,TOMBAMENTO,COM VÍTIMAS FERIDAS
906,DEMAIS FENÔMENOS DA NATUREZA,SAÍDA DE LEITO CARROÇÁVEL,COM VÍTIMAS FERIDAS
907,CONDUTOR DORMINDO,COLISÃO LATERAL MESMO SENTIDO,SEM VÍTIMAS
908,DEMAIS FENÔMENOS DA NATUREZA,QUEDA DE OCUPANTE DE VEÍCULO,COM VÍTIMAS FERIDAS
909,PARTICIPAR DE RACHA,COLISÃO TRASEIRA,COM VÍTIMAS FATAIS
910,PEDESTRE ANDAVA NA PISTA,SAÍDA DE LEITO CARROÇÁVEL,COM VÍTIMAS FATAIS
911,ACESSAR A VIA SEM OBSERVAR A PRESENÇA DOS OUTROS VEÍCULOS,EVENTOS ATÍPICOS,COM VÍTIMAS FERIDAS
912,TRANSITAR NA CONTRAMÃO,COLISÃO COM OBJETO,COM VÍTIMAS FERIDAS
913,PARTICIPAR DE RACHA,TOMBAMENTO,COM VÍTIMAS FERIDAS
914,PARTICIPAR DE RACHA,COLISÃO TRASEIRA,COM VÍTIMAS FERIDAS
915,ACOSTAMENTO EM DESNÍVEL,COLISÃO TRANSVERSAL,COM VÍTIMAS FERIDAS
916,ACESSO IRREGULAR,QUEDA DE OCUPANTE DE VEÍCULO,COM VÍTIMAS FERIDAS
917,PEDESTRE - INGESTÃO DE ÁLCOOL/ SUBSTÂNCIAS PSICOATIVAS,TOMBAMENTO,COM VÍTIMAS FERIDAS
918,DEFICIÊNCIA DO SISTEMA DE ILUMINAÇÃO/SINALIZAÇÃO,ATROPELAMENTO DE PEDESTRE,COM VÍTIMAS FATAIS
919,DEMAIS FALHAS NA VIA,QUEDA DE OCUPANTE DE VEÍCULO,COM VÍTIMAS FATAIS
920,ACUMULO DE AREIA OU DETRITOS SOBRE O PAVIMENTO,EVENTOS ATÍPICOS,COM VÍTIMAS FERIDAS
921,CHUVA,ATROPELAMENTO DE PEDESTRE,COM VÍTIMAS FERIDAS
922,RETORNO PROIBIDO,QUEDA DE OCUPANTE DE VEÍCULO,COM VÍTIMAS FERIDAS
923,ANIMAIS NA PISTA,CAPOTAMENTO,COM VÍTIMAS FERIDAS
924,PISTA ESBURACADA,EVENTOS ATÍPICOS,SEM VÍTIMAS
925,CHUVA,COLISÃO FRONTAL,SEM VÍTIMAS
926,ACUMULO DE AREIA OU DETRITOS SOBRE O PAVIMENTO,COLISÃO TRASEIRA,COM VÍTIMAS FERIDAS
927,MAL SÚBITO DO CONDUTOR,EVENTOS ATÍPICOS,SEM VÍTIMAS
928,RESTRIÇÃO DE VISIBILIDADE EM CURVAS HORIZONTAIS,COLISÃO LATERAL SENTIDO OPOSTO,COM VÍTIMAS FERIDAS
929,DEMAIS FALHAS NA VIA,COLISÃO TRASEIRA,SEM VÍTIMAS
930,DESRESPEITAR A PREFERÊNCIA NO CRUZAMENTO,ATROPELAMENTO DE PEDESTRE,COM VÍTIMAS FERIDAS
931,PISTA ESCORREGADIA,ENGAVETAMENTO,COM VÍTIMAS FERIDAS
932,CONVERSÃO PROIBIDA,COLISÃO FRONTAL,COM VÍTIMAS FATAIS
933,ACOSTAMENTO EM DESNÍVEL,CAPOTAMENTO,COM VÍTIMAS FATAIS
934,ACUMULO DE ÁGUA SOBRE O PAVIMENTO,TOMBAMENTO,SEM VÍTIMAS
935,OBJETO ESTÁTICO SOBRE O LEITO CARROÇÁVEL,EVENTOS ATÍPICOS,SEM VÍTIMAS
936,CONDUTOR DEIXOU DE MANTER DISTÂNCIA DO VEÍCULO DA FRENTE,ATROPELAMENTO DE PEDESTRE,COM VÍTIMAS FERIDAS
937,RESTRIÇÃO DE VISIBILIDADE EM CURVAS VERTICAIS,ENGAVETAMENTO,COM VÍTIMAS FERIDAS
938,CURVA ACENTUADA,COLISÃO FRONTAL,COM VÍTIMAS FERIDAS
939,DEFICIÊNCIA DO SISTEMA DE ILUMINAÇÃO/SINALIZAÇÃO,CAPOTAMENTO,COM VÍTIMAS FERIDAS
940,FREAR BRUSCAMENTE,COLISÃO TRANSVERSAL,COM VÍTIMAS FERIDAS
941,ANIMAIS NA PISTA,TOMBAMENTO,COM VÍTIMAS FATAIS
942,DEMAIS FENÔMENOS DA NATUREZA,EVENTOS ATÍPICOS,COM VÍTIMAS FERIDAS
943,PEDESTRE CRUZAVA A PISTA FORA DA FAIXA,ATROPELAMENTO DE PEDESTRE,SEM VÍTIMAS
944,TRANSTORNOS MENTAIS (EXCETO SUICIDIO),COLISÃO COM OBJETO,COM VÍTIMAS FERIDAS
945,DEFICIÊNCIA DO SISTEMA DE ILUMINAÇÃO/SINALIZAÇÃO,QUEDA DE OCUPANTE DE VEÍCULO,COM VÍTIMAS FERIDAS
946,DEMAIS FENÔMENOS DA NATUREZA,COLISÃO TRASEIRA,COM VÍTIMAS FERIDAS
947,ACUMULO DE AREIA OU DETRITOS SOBRE O PAVIMENTO,COLISÃO FRONTAL,SEM VÍTIMAS
948,PISTA ESCORREGADIA,COLISÃO LATERAL SENTIDO OPOSTO,SEM VÍTIMAS
949,ACESSO IRREGULAR,COLISÃO COM OBJETO,COM VÍTIMAS FERIDAS
950,OBJETO ESTÁTICO SOBRE O LEITO CARROÇÁVEL,COLISÃO LATERAL MESMO SENTIDO,COM VÍTIMAS FERIDAS
951,TRANSITAR NA CONTRAMÃO,COLISÃO COM OBJETO,COM VÍTIMAS FATAIS
952,AUSÊNCIA DE REAÇÃO DO CONDUTOR,ATROPELAMENTO DE PEDESTRE,SEM VÍTIMAS
953,PEDESTRE ANDAVA NA PISTA,COLISÃO TRASEIRA,COM VÍTIMAS FATAIS
954,DESVIO TEMPORÁRIO,CAPOTAMENTO,COM VÍTIMAS FERIDAS
955,CHUVA,COLISÃO TRASEIRA,COM VÍTIMAS FATAIS
956,FALTA DE ACOSTAMENTO,COLISÃO TRASEIRA,COM VÍTIMAS FERIDAS
957,MANOBRA DE MUDANÇA DE FAIXA,INCÊNDIO,SEM VÍTIMAS
958,CONVERSÃO PROIBIDA,TOMBAMENTO,COM VÍTIMAS FERIDAS
959,CONDUTOR DESRESPEITOU A ILUMINAÇÃO VERMELHA DO SEMÁFORO,COLISÃO TRASEIRA,SEM VÍTIMAS
960,INGESTÃO DE SUBSTÂNCIAS PSICOATIVAS PELO CONDUTOR,COLISÃO LATERAL SENTIDO OPOSTO,SEM VÍTIMAS
961,SINALIZAÇÃO MAL POSICIONADA,COLISÃO COM OBJETO,COM VÍTIMAS FERIDAS
962,AUSÊNCIA DE SINALIZAÇÃO,COLISÃO TRANSVERSAL,SEM VÍTIMAS
963,SINALIZAÇÃO ENCOBERTA,COLISÃO COM OBJETO,COM VÍTIMAS FERIDAS
964,MANOBRA DE MUDANÇA DE FAIXA,ENGAVETAMENTO,SEM VÍTIMAS
965,ULTRAPASSAGEM INDEVIDA,COLISÃO TRANSVERSAL,SEM VÍTIMAS
966,SINALIZAÇÃO MAL POSICIONADA,ATROPELAMENTO DE PEDESTRE,COM VÍTIMAS FERIDAS
967,ANIMAIS NA PISTA,SAÍDA DE LEITO CARROÇÁVEL,COM VÍTIMAS FATAIS
968,FREAR BRUSCAMENTE,COLISÃO COM OBJETO,SEM VÍTIMAS
969,TRANSITAR NO ACOSTAMENTO,EVENTOS ATÍPICOS,COM VÍTIMAS FERIDAS
970,MAL SÚBITO DO CONDUTOR,ENGAVETAMENTO,COM VÍTIMAS FERIDAS
971,FREAR BRUSCAMENTE,COLISÃO COM OBJETO,COM VÍTIMAS FERIDAS
972,ANIMAIS NA PISTA,EVENTOS ATÍPICOS,SEM VÍTIMAS
973,ILUMINAÇÃO DEFICIENTE,ATROPELAMENTO DE ANIMAL,COM VÍTIMAS FERIDAS
974,ULTRAPASSAGEM INDEVIDA,QUEDA DE OCUPANTE DE VEÍCULO,COM VÍTIMAS FATAIS
975,DEFICIÊNCIA DO SISTEMA DE ILUMINAÇÃO/SINALIZAÇÃO,INCÊNDIO,COM VÍTIMAS FERIDAS
976,ANIMAIS NA PISTA,COLISÃO TRANSVERSAL,COM VÍTIMAS FERIDAS
977,ACUMULO DE ÁGUA SOBRE O PAVIMENTO,QUEDA DE OCUPANTE DE VEÍCULO,SEM VÍTIMAS
978,OBJETO ESTÁTICO SOBRE O LEITO CARROÇÁVEL,EVENTOS ATÍPICOS,COM VÍTIMAS FERIDAS
979,CHUVA,COLISÃO COM OBJETO,COM VÍTIMAS FATAIS
980,CURVA ACENTUADA,COLISÃO COM OBJETO,SEM VÍTIMAS
981,FALTA DE ELEMENTO DE CONTENÇÃO QUE EVITE A SAÍDA DO LEITO CARROÇÁVEL,SAÍDA DE LEITO CARROÇÁVEL,COM VÍTIMAS FATAIS
982,VELOCIDADE INCOMPATÍVEL,COLISÃO TRANSVERSAL,SEM VÍTIMAS
983,AFUNDAMENTO OU ONDULAÇÃO NO PAVIMENTO,TOMBAMENTO,COM VÍTIMAS FATAIS
984,TRANSITAR NO ACOSTAMENTO,COLISÃO LATERAL SENTIDO OPOSTO,COM VÍTIMAS FERIDAS
985,VELOCIDADE INCOMPATÍVEL,ENGAVETAMENTO,SEM VÍTIMAS
986,DEFICIÊNCIA DO SISTEMA DE ILUMINAÇÃO/SINALIZAÇÃO,ATROPELAMENTO DE PEDESTRE,COM VÍTIMAS FERIDAS
987,REDUTOR DE VELOCIDADE EM DESACORDO,QUEDA DE OCUPANTE DE VEÍCULO,COM VÍTIMAS FERIDAS
988,TRANSITAR NA CALÇADA,QUEDA DE OCUPANTE DE VEÍCULO,COM VÍTIMAS FERIDAS
989,AUSÊNCIA DE REAÇÃO DO CONDUTOR,ATROPELAMENTO DE ANIMAL,SEM VÍTIMAS
990,ACESSO IRREGULAR,ATROPELAMENTO DE PEDESTRE,SEM VÍTIMAS
991,PISTA ESBURACADA,COLISÃO TRASEIRA,COM VÍTIMAS FATAIS
992,ACESSO IRREGULAR,COLISÃO FRONTAL,SEM VÍTIMAS
993,CONDUTOR DEIXOU DE MANTER DISTÂNCIA DO VEÍCULO DA FRENTE,COLISÃO TRANSVERSAL,SEM VÍTIMAS
994,DEMAIS FALHAS NA VIA,EVENTOS ATÍPICOS,COM VÍTIMAS FERIDAS
995,CONDUTOR DORMINDO,QUEDA DE OCUPANTE DE VEÍCULO,SEM VÍTIMAS
996,DEMAIS FENÔMENOS DA NATUREZA,SAÍDA DE LEITO CARROÇÁVEL,SEM VÍTIMAS
997,DEMAIS FALHAS MECÂNICAS OU ELÉTRICAS,EVENTOS ATÍPICOS,COM VÍTIMAS FATAIS
998,SUICÍDIO (PRESUMIDO),EVENTOS ATÍPICOS,COM VÍTIMAS FATAIS
999,ÁREA URBANA SEM A PRESENÇA DE LOCAL APROPRIADO PARA A TRAVESSIA DE PEDESTRES,COLISÃO FRONTAL,COM VÍTIMAS FERIDAS
1000,AFUNDAMENTO OU ONDULAÇÃO NO PAVIMENTO,SAÍDA DE LEITO CARROÇÁVEL,COM VÍTIMAS FATAIS
1001,ACESSO IRREGULAR,COLISÃO COM OBJETO,SEM VÍTIMAS
1002,MAL SÚBITO DO CONDUTOR,EVENTOS ATÍPICOS,COM VÍTIMAS FATAIS
1003,ILUMINAÇÃO DEFICIENTE,COLISÃO FRONTAL,COM VÍTIMAS FERIDAS
1004,NEBLINA,COLISÃO LATERAL MESMO SENTIDO,COM VÍTIMAS FERIDAS
1005,CONDUTOR DEIXOU DE MANTER DISTÂNCIA DO VEÍCULO DA FRENTE,CAPOTAMENTO,COM VÍTIMAS FERIDAS
1006,VELOCIDADE INCOMPATÍVEL,COLISÃO LATERAL SENTIDO OPOSTO,SEM VÍTIMAS
1007,PARTICIPAR DE RACHA,ATROPELAMENTO DE PEDESTRE,COM VÍTIMAS FATAIS
1008,ILUMINAÇÃO DEFICIENTE,SAÍDA DE LEITO CARROÇÁVEL,COM VÍTIMAS FERIDAS
1009,SUICÍDIO (PRESUMIDO),QUEDA DE OCUPANTE DE VEÍCULO,COM VÍTIMAS FATAIS
1010,REDUTOR DE VELOCIDADE EM DESACORDO,TOMBAMENTO,COM VÍTIMAS FERIDAS
1011,DEMAIS FENÔMENOS DA NATUREZA,COLISÃO FRONTAL,COM VÍTIMAS FERIDAS
1012,ACESSAR A VIA SEM OBSERVAR A PRESENÇA DOS OUTROS VEÍCULOS,ATROPELAMENTO DE PEDESTRE,SEM VÍTIMAS
1013,PARTICIPAR DE RACHA,COLISÃO COM OBJETO,COM VÍTIMAS FERIDAS
1014,TRANSTORNOS MENTAIS (EXCETO SUICIDIO),TOMBAMENTO,COM VÍTIMAS FERIDAS
1015,AUSÊNCIA DE SINALIZAÇÃO,CAPOTAMENTO,COM VÍTIMAS FERIDAS
1016,ILUMINAÇÃO DEFICIENTE,SAÍDA DE LEITO CARROÇÁVEL,SEM VÍTIMAS
1017,CONDUTOR USANDO CELULAR,ENGAVETAMENTO,SEM VÍTIMAS
1018,TRAFEGAR COM MOTOCICLETA (OU SIMILAR) ENTRE AS FAIXAS,COLISÃO COM OBJETO,COM VÍTIMAS FERIDAS
1019,INGESTÃO DE SUBSTÂNCIAS PSICOATIVAS PELO CONDUTOR,COLISÃO LATERAL MESMO SENTIDO,COM VÍTIMAS FERIDAS
1020,PROBLEMA NA SUSPENSÃO,COLISÃO COM OBJETO,COM VÍTIMAS FERIDAS
1021,ACUMULO DE AREIA OU DETRITOS SOBRE O PAVIMENTO,SAÍDA DE LEITO CARROÇÁVEL,COM VÍTIMAS FATAIS
1022,MAL SÚBITO DO CONDUTOR,ENGAVETAMENTO,SEM VÍTIMAS
1023,FARÓIS DESREGULADOS,SAÍDA DE LEITO CARROÇÁVEL,COM VÍTIMAS FATAIS
1024,PARTICIPAR DE RACHA,COLISÃO LATERAL MESMO SENTIDO,COM VÍTIMAS FERIDAS
1025,INGESTÃO DE ÁLCOOL PELO CONDUTOR,EVENTOS ATÍPICOS,SEM VÍTIMAS
1026,ACUMULO DE AREIA OU DETRITOS SOBRE O PAVIMENTO,SAÍDA DE LEITO CARROÇÁVEL,SEM VÍTIMAS
1027,PEDESTRE ANDAVA NA PISTA,COLISÃO TRANSVERSAL,COM VÍTIMAS FERIDAS
1028,CURVA ACENTUADA,COLISÃO LATERAL MESMO SENTIDO,COM VÍTIMAS FERIDAS
1029,SINALIZAÇÃO MAL POSICIONADA,TOMBAMENTO,COM VÍTIMAS FERIDAS
1030,SEMÁFORO COM DEFEITO,COLISÃO TRASEIRA,COM VÍTIMAS FERIDAS
1031,AUSÊNCIA DE REAÇÃO DO CONDUTOR,CAPOTAMENTO,COM VÍTIMAS FATAIS
1032,AUSÊNCIA DE SINALIZAÇÃO,EVENTOS ATÍPICOS,COM VÍTIMAS FERIDAS
1033,FARÓIS DESREGULADOS,COLISÃO TRANSVERSAL,SEM VÍTIMAS
1034,AUSÊNCIA DE SINALIZAÇÃO,COLISÃO COM OBJETO,COM VÍTIMAS FATAIS
1035,TRANSTORNOS MENTAIS (EXCETO SUICIDIO),SAÍDA DE LEITO CARROÇÁVEL,SEM VÍTIMAS
1036,PEDESTRE CRUZAVA A PISTA FORA DA FAIXA,TOMBAMENTO,COM VÍTIMAS FERIDAS
1037,ILUMINAÇÃO DEFICIENTE,TOMBAMENTO,COM VÍTIMAS FERIDAS
1038,CHUVA,ATROPELAMENTO DE PEDESTRE,COM VÍTIMAS FATAIS
1039,NEBLINA,SAÍDA DE LEITO CARROÇÁVEL,SEM VÍTIMAS
1040,DESVIO TEMPORÁRIO,SAÍDA DE LEITO CARROÇÁVEL,COM VÍTIMAS FERIDAS
1041,OBJETO ESTÁTICO SOBRE O LEITO CARROÇÁVEL,COLISÃO TRANSVERSAL,SEM VÍTIMAS
1042,ENTRADA INOPINADA DO PEDESTRE,ATROPELAMENTO DE PEDESTRE,SEM VÍTIMAS
1043,AVARIAS E/OU DESGASTE EXCESSIVO NO PNEU,ATROPELAMENTO DE PEDESTRE,COM VÍTIMAS FERIDAS
1044,MANOBRA DE MUDANÇA DE FAIXA,ATROPELAMENTO DE PEDESTRE,COM VÍTIMAS FATAIS
1045,FALTA DE ACOSTAMENTO,SAÍDA DE LEITO CARROÇÁVEL,SEM VÍTIMAS
1046,DEMAIS FALHAS NA VIA,COLISÃO FRONTAL,COM VÍTIMAS FATAIS
1047,CONDUTOR DESRESPEITOU A ILUMINAÇÃO VERMELHA DO SEMÁFORO,ATROPELAMENTO DE PEDESTRE,COM VÍTIMAS FERIDAS
1048,OBJETO ESTÁTICO SOBRE O LEITO CARROÇÁVEL,INCÊNDIO,SEM VÍTIMAS
1049,FALTA DE ACOSTAMENTO,ATROPELAMENTO DE PEDESTRE,COM VÍTIMAS FERIDAS
1050,AVARIAS E/OU DESGASTE EXCESSIVO NO PNEU,CAPOTAMENTO,SEM VÍTIMAS
1051,DESVIO TEMPORÁRIO,COLISÃO COM OBJETO,COM VÍTIMAS FERIDAS
1052,CONDUTOR DEIXOU DE MANTER DISTÂNCIA DO VEÍCULO DA FRENTE,COLISÃO COM OBJETO,SEM VÍTIMAS
1053,DEMAIS FENÔMENOS DA NATUREZA,TOMBAMENTO,COM VÍTIMAS FERIDAS
